"Ypnepal.com Listing ID",Company,Description,Address,"P.O. Box",City,Country,Phone,Mobile,Fax,Email,URL,Updated,Categories,location-lat-lng,location-lat,location-lng
1088,"Nepal Handmade Paper Association",,Kalimati,,Kathmandu,Nepal,00977-1-4276290,,,handpass@enet.com.np,http://www.handpass.org,2009-11-07,"Associations & Clubs","27.701691866146,85.320596694946",27.701691866146,85.320596694946
1153,"Nepal Plastic Manufacturers Association",,Kupondole,,Kathmandu,Nepal,00977-1-5528185,,00977-1-5528185,npma1986@gmail.com,,2009-11-07,"Associations & Clubs","27.701691866146,85.320596694946",27.701691866146,85.320596694946
1159,"Nepal Pulp & Paper Manufacturers' Association",,Kalimati,"363, Ktm",Kathmandu,Nepal,00977-1-4282834,,00977-1-4242723,,,2009-11-07,"Associations & Clubs","27.701691866146,85.320596694946",27.701691866146,85.320596694946
2240,"A1 Suppliers",,"New Road",,Kathmandu,Nepal,00977-1-9841275810,,,,,2009-11-07,"Bags & Wrappers","27.701691866146,85.320596694946",27.701691866146,85.320596694946
2241,"Ajima Emporium",,Ason,,Kathmandu,Nepal,00977-1-4223642,,,,,2009-11-07,"Bags & Wrappers","27.701691866146,85.320596694946",27.701691866146,85.320596694946
2242,"Aman Bag Shop",,"New Road",,Kathmandu,Nepal,"00977-1-4263288, 4256488",,,,,2009-11-07,"Bags & Wrappers","27.701691866146,85.320596694946",27.701691866146,85.320596694946
2243,"Ashirbad Impex",,"New Road",,Kathmandu,Nepal,"00977-1-4220048, 4259258",,,,,2009-11-07,"Bags & Wrappers","27.701691866146,85.320596694946",27.701691866146,85.320596694946
2244,"Bag House",,"Wotu Tole",,Kathmandu,Nepal,"00977-1-4230680, 4248982",,,ssbagproduct@hotmail.com,,2009-11-07,"Bags & Wrappers","27.701691866146,85.320596694946",27.701691866146,85.320596694946
2245,"Bagmati Polytrick Industries (P) Ltd.",,"New Road","4028, Ktm",Kathmandu,Nepal,"00977-1-4225215, 4243215",,00977-1-4241297,jsn@wlink.com.np,,2009-11-07,"Bags & Wrappers","27.701691866146,85.320596694946",27.701691866146,85.320596694946
2246,"Bagmati Polytrick Industries (P) Ltd.",,"Teenpainy Chowk",,Biratnagar,Nepal,"522780, 524327",,528605,kaveri@cworld.com.np,,2009-11-07,"Bags & Wrappers","26.4542,87.2797",26.4542,87.2797
2247,"Bagmati Polytrick Industries (P) Ltd.",,"Adarsha Nagar",,Birgunj,Nepal,521425,,521955,,,2009-11-07,"Bags & Wrappers","27.010428,84.877352",27.010428,84.877352
2248,"Bajrayogini Bag Production",,Chhetrapati,,Kathmandu,Nepal,"00977-1-4251485, 4257333",,,,,2009-11-07,"Bags & Wrappers","27.701691866146,85.320596694946",27.701691866146,85.320596694946
2249,"Bhutandevi P.P. Kapada Udhyog",,"Kamal Danda",,Hetauda,Nepal,520078,,,,,2009-11-07,"Bags & Wrappers","27.416667,85.033333",27.416667,85.033333
2250,"Chewang Enterprises",,Khichapokhari,"535, Ktm",Kathmandu,Nepal,"00977-1-4230415, 4244966",,00977-1-4231303,,,2009-11-07,"Bags & Wrappers","27.701691866146,85.320596694946",27.701691866146,85.320596694946
2251,Concept,,Bhotahity,,Kathmandu,Nepal,"00977-1-4223994, 4239072, 9841330131",,,lord_pratham@yahoo.com,,2009-11-07,"Bags & Wrappers","27.701691866146,85.320596694946",27.701691866146,85.320596694946
2252,"Dilip Store",,"Wotu Tole",,Kathmandu,Nepal,"00977-1-4220527, 4246654",,00977-1-4248308,dilip@star.wlink.com.np,,2009-11-07,"Bags & Wrappers","27.701691866146,85.320596694946",27.701691866146,85.320596694946
2253,"Ladies Bag House",,Ranamukteshwor,,Kathmandu,Nepal,"00977-1-4263288, 4256488 Ext. 323",,,,,2009-11-07,"Bags & Wrappers","27.701691866146,85.320596694946",27.701691866146,85.320596694946
2254,"Manang Bag Shop",,Thamel,,Kathmandu,Nepal,00977-1-4411285,,00977-1-4351285,,,2009-11-07,"Bags & Wrappers","27.701691866146,85.320596694946",27.701691866146,85.320596694946
2255,"Monika Bag Center",,Biratnagar,,Biratnagar,Nepal,523354,,,,,2009-11-07,"Bags & Wrappers","26.4542,87.2797",26.4542,87.2797
2256,"Narayani Corrugated & Box Factory",,Biratnagar,,Biratnagar,Nepal,520884,,,,,2009-11-07,"Bags & Wrappers","26.4542,87.2797",26.4542,87.2797
2257,"Neeta Store",,"Pyukha Tole",,Kathmandu,Nepal,00977-1-4248908,,,,,2009-11-07,"Bags & Wrappers","27.701691866146,85.320596694946",27.701691866146,85.320596694946
2258,"New Fashion Bag",,Tripureshwor,,Kathmandu,Nepal,00977-1-4117034,,,,,2009-11-07,"Bags & Wrappers","27.701691866146,85.320596694946",27.701691866146,85.320596694946
2259,"New Puja Trade Link",,"Makhan Tole",,Kathmandu,Nepal,"00977-1-4242560, 4231781",,00977-1-4231781,sarafprabhat@hotmail.com,,2009-11-07,"Bags & Wrappers","27.701691866146,85.320596694946",27.701691866146,85.320596694946
2260,"Paper Bag Production",,Bagbazar,,Kathmandu,Nepal,"00977-1-4222174, 4253531",,,,,2009-11-07,"Bags & Wrappers","27.701691866146,85.320596694946",27.701691866146,85.320596694946
2261,"Paper Bag Prodution",,Dadhikot,,Kathmandu,Nepal,"00977-1-6635644, 6631421",,,,,2009-11-07,"Bags & Wrappers","27.701691866146,85.320596694946",27.701691866146,85.320596694946
2262,"Pashupati Bag Udhyog",,Bhimsensthan,,Kathmandu,Nepal,00977-1-4263167,,,,,2009-11-07,"Bags & Wrappers","27.701691866146,85.320596694946",27.701691866146,85.320596694946
2263,"Rainbow Paper Bags and Packaging Products",,Kapan,,Kathmandu,Nepal,00977-1-4484990,,,,,2009-11-07,"Bags & Wrappers","27.701691866146,85.320596694946",27.701691866146,85.320596694946
2264,"RD Bag Collection",,"New Road",,Kathmandu,Nepal,00977-1-4265558,,,,,2009-11-07,"Bags & Wrappers","27.701691866146,85.320596694946",27.701691866146,85.320596694946
2265,"Readymade Bag Stores",,Fasikeva,,Kathmandu,Nepal,00977-1-4249632,,,kailashjain2000@yahoo.com,,2009-11-07,"Bags & Wrappers","27.701691866146,85.320596694946",27.701691866146,85.320596694946
2266,"S. S. Product",,Anamnagar,,Kathmandu,Nepal,"00977-1-4230680, 4229736, 4248982",,,basnetmadan@hotmail.com,,2009-11-07,"Bags & Wrappers","27.701691866146,85.320596694946",27.701691866146,85.320596694946
2267,"S. Shrestha Bag Shop",,"New Road",,Kathmandu,Nepal,00977-1-4226612,,,,,2009-11-07,"Bags & Wrappers","27.701691866146,85.320596694946",27.701691866146,85.320596694946
2268,"S. T. Bag Shop",,"New Road",,Kathmandu,Nepal,00977-1-4249176,,,,,2009-11-07,"Bags & Wrappers","27.701691866146,85.320596694946",27.701691866146,85.320596694946
2269,"Sagar Bag Udyog",,"Ranjana Galli",,Kathmandu,Nepal,"00977-1-4230328, 4266107, 9841220966",,,,,2009-11-07,"Bags & Wrappers","27.701691866146,85.320596694946",27.701691866146,85.320596694946
2270,Shangrila,,"Bishal Bazar",,Kathmandu,Nepal,"00977-1-4246364, 4242748",,,,,2009-11-07,"Bags & Wrappers","27.701691866146,85.320596694946",27.701691866146,85.320596694946
2271,"Shiva Shakti Bag, Purse, Belt  Udyog",,"Deshi Line",,Dharan,Nepal,"524779, 520049",,,,,2009-11-07,"Bags & Wrappers","26.816667,87.266667",26.816667,87.266667
2272,"Shree Krishna Enterprises",,"Iti Tole",,Kathmandu,Nepal,"00977-1-5538812, 5550138",,,,,2009-11-07,"Bags & Wrappers","27.701691866146,85.320596694946",27.701691866146,85.320596694946
2273,"Triveni Synpacks (P) Ltd.",,Pipara,,Bara,Nepal,053-520230,,,,,2009-11-07,"Bags & Wrappers","27.1341114,85.0649071",27.1341114,85.0649071
2274,"Triveni Synpacks (P) Ltd.",,Indrachowk,"772, Ktm",Kathmandu,Nepal,"00977-1-4224074, 4248732",,00977-1-4224037,tsy@mos.com.np,,2009-11-07,"Bags & Wrappers","27.701691866146,85.320596694946",27.701691866146,85.320596694946
11369,"U.K. Plastic Industries/Anisha Plastic Udhyog",,"Bhote Bahal",,Kathmandu,Nepal,"00977-1-4247959, 4232719",,,,,2009-11-07,"Electrical Goods Manufacturers","27.701691866146,85.320596694946",27.701691866146,85.320596694946
12179,"Plastic Fiber Glass Industry P. Ltd.",,"Indra Chowk",,Kathmandu,Nepal,"00977-1-4227709, 4274107, 4276226",,00977-1-4491364,,,2009-11-07,"Fibre Glass & Products","27.701691866146,85.320596694946",27.701691866146,85.320596694946
14100,"Archies Paper Rose Shop",,Jawalakhel,,Kathmandu,Nepal,00977-1-5551074,,,,,2009-11-07,"Gifts & Novelties","27.701691866146,85.320596694946",27.701691866146,85.320596694946
14834,"Cottage Paper Crafts",,Thamel,"21442, Ktm",Kathmandu,Nepal,"00977-1-4701246, 4701155",,,info@cottagepaper.com.np,http://www.cottagepaper.com,2009-11-07,Handicrafts,"27.701691866146,85.320596694946",27.701691866146,85.320596694946
15038,"Nawa Durga Paper Recycling",,"Industrial Estate",,Pokhara,Nepal,520591,,,,,2009-11-07,Handicrafts,"28.26689192466,83.968505859375",28.26689192466,83.968505859375
15066,"Nepali Paper Craft Manufacturer",,Yetkha,,Kathmandu,Nepal,"00977-1-4248896, 4810003",,,craft@ntc.net.np,,2009-11-07,Handicrafts,"27.701691866146,85.320596694946",27.701691866146,85.320596694946
15176,"Shrestha Handmade Paper House",,Dhalku,,Kathmandu,Nepal,00977-1-4255188,,00977-1-4263502,rabipaper@hotmail.com,,2009-11-07,Handicrafts,"27.701691866146,85.320596694946",27.701691866146,85.320596694946
15209,"Swan Paper Production",,"Adarsha Nagar",,Birgunj,Nepal,521513,,,,,2009-11-07,Handicrafts,"27.010428,84.877352",27.010428,84.877352
15418,"Annapurna Handmade Paper Craft",,Ason,,Kathmandu,Nepal,00977-1-4254238,,,ahpcnepal@wlink.com.np,,2009-11-07,"Handicrafts- Paper","27.701691866146,85.320596694946",27.701691866146,85.320596694946
15420,"Bajracharya Handmade Paper Shop",,"Narsingh Chowk, Thamel",,Kathmandu,Nepal,00977-1-4254772,,,bajracharyaanil@hotmail.com,,2009-11-07,"Handicrafts- Paper","27.701691866146,85.320596694946",27.701691866146,85.320596694946
15421,"Bhaktapur Craft Paper Ltd.",,Byasi,,Bhaktapur,Nepal,"6610795, 6611071",,6610228,crafts@bcp.wlink.com.np,http://www.bhaktapurcraft.com,2009-11-07,"Handicrafts- Paper","27.672222,85.427778",27.672222,85.427778
15422,"Chyorolpa Paper Craft",,Kapan,,Kathmandu,Nepal,00977-1-2072060,,,chyorolpa@yahoo.com,,2009-11-07,"Handicrafts- Paper","27.701691866146,85.320596694946",27.701691866146,85.320596694946
15424,"Dangol Paper Craft",,Thamel,"14210, Ktm",Kathmandu,Nepal,"00977-1-4890205, 4700611",,,dangolpaper@wlink.com.np,http://www.dangolpapercraft.com.np,2009-11-07,"Handicrafts- Paper","27.701691866146,85.320596694946",27.701691866146,85.320596694946
15425,"Daphne Paper Craft",,Thamel,"5046, Ktm",Kathmandu,Nepal,00977-1-4700941,,00977-1-5541934,,,2009-11-07,"Handicrafts- Paper","27.701691866146,85.320596694946",27.701691866146,85.320596694946
15426,"Daphne Paper Mill & Bindery (P) Ltd.",,Buddhanagar,"8973 NPC 634",Kathmandu,Nepal,"00977-1-4780945, 4781630, 4700632 (Showroom)",,,info@daphne.com.np,http://www.daphne.com.np,2009-11-07,"Handicrafts- Paper","27.701691866146,85.320596694946",27.701691866146,85.320596694946
15428,"Handmade Paper Products",,Pepsicola,,Kathmandu,Nepal,00977-1-4992610,,00977-1-4278088,crestabharat@gmail.com,,2009-11-07,"Handicrafts- Paper","27.701691866146,85.320596694946",27.701691866146,85.320596694946
15429,"Himalayan Yeti Handmade Paper",,Jorpati,,Kathmandu,Nepal,"00977-1-4476134, 9841368170",,,,,2009-11-07,"Handicrafts- Paper","27.701691866146,85.320596694946",27.701691866146,85.320596694946
15430,"Jamarko Handmade Paper Product",,Galkopakha,"2487, Ktm",Kathmandu,Nepal,"00977-1-2080162, 4351050",,,jamarko@hotmail.com,,2009-11-07,"Handicrafts- Paper","27.701691866146,85.320596694946",27.701691866146,85.320596694946
15433,"Kumari Hand Made Paper",,Thamel,"12229, Ktm",Kathmandu,Nepal,00977-1-4258846,,00977-1-4425926,kumarihandmade@hotmail.com,,2009-11-07,"Handicrafts- Paper","27.701691866146,85.320596694946",27.701691866146,85.320596694946
15434,"Lokta Paper Craft Manufacturer & Exporter",,Jawalakhel,"1689, Ktm",Lalitpur,Nepal,5000065,9851035668,,lokta@mos.com.np,http://www.nepalipaper.com,2009-11-07,"Handicrafts- Paper","27.666667,85.316667",27.666667,85.316667
15435,"M. M. E. Hand Made Paper Center",,Thamel,,Kathmandu,Nepal,00977-1-4254079,,,,,2009-11-07,"Handicrafts- Paper","27.701691866146,85.320596694946",27.701691866146,85.320596694946
15438,"Natural Paper Craft",,Mandikhatar,,Kathmandu,Nepal,00977-1-4375410,,,naturalpapercraft@enet.com.np,,2009-11-07,"Handicrafts- Paper","27.701691866146,85.320596694946",27.701691866146,85.320596694946
15443,"Shrestha Hand Made Paper House",,Chhetrapati,,Kathmandu,Nepal,"00977-1-4255188, 9841212936",,00977-1-4263502,rabipaper@hotmail.com,,2009-11-07,"Handicrafts- Paper","27.701691866146,85.320596694946",27.701691866146,85.320596694946
15446,"The Paper Park",,Thamel,"3718, Ktm",Kathmandu,Nepal,00977-1-4700475,,00977-1-4417979,paperpark@wlink.com.np,http://www.handmadepaperpark.com,2009-11-07,"Handicrafts- Paper","27.701691866146,85.320596694946",27.701691866146,85.320596694946
16805,"Nepal Plastic Surgery Hospital",,Hatiban,,Kathmandu,Nepal,00977-1-5250665,,,,,2009-11-07,Hospitals,"27.701691866146,85.320596694946",27.701691866146,85.320596694946
17610,"Milton Plastic",,"Pashupati Plaza","2342, Ktm",Kathmandu,Nepal,00977-1-4240649,,00977-1-4425142,,,2009-11-07,"Household Commodities","27.701691866146,85.320596694946",27.701691866146,85.320596694946
21037,"R. B. News Paper Traders",,Jhochhen,"8978 CPC 41",Kathmandu,Nepal,"00977-1-2020247, 4232784, 5553931",,,rbnewspaper@hotmail.com,,2009-11-07,"Newspapers & Magazine Distributors","27.701691866146,85.320596694946",27.701691866146,85.320596694946
21038,"United Newspaper Agency (P) Ltd.",,"Machhindra Bahal","4088, Ktm",Kathmandu,Nepal,00977-1-4230990,,,,,2009-11-07,"Newspapers & Magazine Distributors","27.701691866146,85.320596694946",27.701691866146,85.320596694946
21184,"Metro Fortnightly Magpaper",,Chakupat,"13989 BPS 500",Kathmandu,Nepal,"00977-1-5522472, 5529726",,,info@bitarak.com,,2009-11-07,"Newspapers, Magazine & Periodicals","27.701691866146,85.320596694946",27.701691866146,85.320596694946
22154,"Ace Packaging Pvt. Ltd.",,Jwagal,"10725, Ktm",Kathmandu,Nepal,00977-1-5539111,,00977-1-5548033,,,2009-11-07,"Packaging Industries","27.701691866146,85.320596694946",27.701691866146,85.320596694946
22155,"Ace Packaging Pvt. Ltd.",,HID,,Hetauda,Nepal,"521297, 521722, 9851055548",,521722,acepack@ecomail.com,,2009-11-07,"Packaging Industries","27.416667,85.033333",27.416667,85.033333
22156,"Ashok Paper Packaging Industries",,Katahari,,Biratnagar,Nepal,"021-522034, 522606",,,,,2009-11-07,"Packaging Industries","26.4542,87.2797",26.4542,87.2797
22157,"Ayush Printing & Packaging Industries",,"New Road","2139, Ktm",Kathmandu,Nepal,"00977-1-4268816, 9851040895",,,,,2009-11-07,"Packaging Industries","27.701691866146,85.320596694946",27.701691866146,85.320596694946
22158,"Dalmia Print & Packaging Udyog Pvt. Ltd.",,Kupondole,,Kathmandu,Nepal,00977-1-5528928,,,,,2009-11-07,"Packaging Industries","27.701691866146,85.320596694946",27.701691866146,85.320596694946
22159,"Doree Printers",,Lazimpat,"4247, Ktm",Kathmandu,Nepal,00977-1-4415399,,00977-1-4412746,doree@hons.com.np,,2009-11-07,"Packaging Industries","27.701691866146,85.320596694946",27.701691866146,85.320596694946
22160,"Flexible Packaging (P) Ltd.",,Duhabi,,Dharan,Nepal,"025-540034, 540164",,540035,pbicd@ntc.net.np,,2009-11-07,"Packaging Industries","26.816667,87.266667",26.816667,87.266667
22161,"General Printing & Packaging (P) Ltd.",,Kupondole,,Kathmandu,Nepal,00977-1-5523655,,00977-1-5537267,,,2009-11-07,"Packaging Industries","27.701691866146,85.320596694946",27.701691866146,85.320596694946
22162,"Global Polypackaging Industries",,Biratnagar,,Biratnagar,Nepal,521270,,526011,,,2009-11-07,"Packaging Industries","26.4542,87.2797",26.4542,87.2797
22163,"Goshali Packaging Ind. (P) Ltd.",,"Ind. Estate",,Pokhara,Nepal,"521885, 520369, 520088",,523588,,,2009-11-07,"Packaging Industries","28.26689192466,83.968505859375",28.26689192466,83.968505859375
22164,"Goshali Print Pack Pvt. Ltd.",,"Ind. Estate","16, Pkr",Pokhara,Nepal,"527588, 526588",,523588,,,2009-11-07,"Packaging Industries","28.26689192466,83.968505859375",28.26689192466,83.968505859375
22165,"Harisiddhi Packaging Industries P. Ltd.",,Imadole,,Kathmandu,Nepal,00977-1-5540656,,,,,2009-11-07,"Packaging Industries","27.701691866146,85.320596694946",27.701691866146,85.320596694946
22166,"Himalayan Everest Paper Packaging Pvt. Ltd.",,Chhauni,"1290, ktm",Kathmandu,Nepal,"00977-1-4350973, 4278032, 9851049170",,00977-1-4280936,,,2009-11-07,"Packaging Industries","27.701691866146,85.320596694946",27.701691866146,85.320596694946
22167,"Ishwor Packaging Industries (P) Ltd.",,Thasikhel,,Kathmandu,Nepal,00977-1-5536861,,,,,2009-11-07,"Packaging Industries","27.701691866146,85.320596694946",27.701691866146,85.320596694946
22168,"Jagadamba Printing & Packing",,Birgunj,,Birgunj,Nepal,"522330, 521330",,523185,,,2009-11-07,"Packaging Industries","27.010428,84.877352",27.010428,84.877352
22169,"Jaya Packaging (P) Ltd.",,Pokhara,"403, Pkr",Pokhara,Nepal,"521161, 522925, 522926",,520726,sujal@mos.com.np,,2009-11-07,"Packaging Industries","28.26689192466,83.968505859375",28.26689192466,83.968505859375
22170,"Kailash Cartons Industries P. Ltd.",,Birgunj,,Birgunj,Nepal,580451,,,,,2009-11-07,"Packaging Industries","27.010428,84.877352",27.010428,84.877352
22171,"Laminar P. Ltd.",,"Jahada Road-13",,Biratnagar,Nepal,"528752, 530092, 523572",,,info@ppilam.com,,2009-11-07,"Packaging Industries","26.4542,87.2797",26.4542,87.2797
22172,"Mahabir Tea Packing Udyog",,"Ward 8",,Biratnagar,Nepal,524849,,,,,2009-11-07,"Packaging Industries","26.4542,87.2797",26.4542,87.2797
22173,"Modern Packaging Industry",,Balaju,"544, Ktm",Kathmandu,Nepal,"00977-1-4350983, 4354484",,00977-1-4223997,modpack@wlink.com.np,,2009-11-07,"Packaging Industries","27.701691866146,85.320596694946",27.701691866146,85.320596694946
22174,"Multi Pac Print",,Kuleshwor,,Kathmandu,Nepal,00977-1-4279706,,00977-1-4286514,multi@wlink.com.np,,2009-11-07,"Packaging Industries","27.701691866146,85.320596694946",27.701691866146,85.320596694946
22175,"Narayan Polypack Udyog (P) Ltd.",,Tinpaini,,Biratnagar,Nepal,526037,,,,,2009-11-07,"Packaging Industries","26.4542,87.2797",26.4542,87.2797
22176,"Nepal Polypack (P) Ltd.",,Biratnagar,,Biratnagar,Nepal,"526396, 522545",,522800,dbgoyal@ccsl.com.np,,2009-11-07,"Packaging Industries","26.4542,87.2797",26.4542,87.2797
22177,"Nepal Printing & Packaging Co. (P.) Ltd.",,Chhauni,,Kathmandu,Nepal,00977-1-4281723,00977-9841259177,,nepalprintingpackaging@gmail.com,,2009-11-07,"Packaging Industries","27.701691866146,85.320596694946",27.701691866146,85.320596694946
22178,"Nep-Ind Flexipack (P) Ltd.",,"Krishna Kunj, Adarsha Tole",,Biratnagar,Nepal,"021-526815, 528771",,021-524102,,http://www.kwalitynepal.com,2009-11-07,"Packaging Industries","26.4542,87.2797",26.4542,87.2797
22179,"New Packaging Udyog",,Kuleshwor,,Kathmandu,Nepal,00977-1-4277394,,,,,2009-11-07,"Packaging Industries","27.701691866146,85.320596694946",27.701691866146,85.320596694946
22180,"Om Pashupati Packaging Ind.",,Tankisinuwari,,Biratnagar,Nepal,527155,,,,,2009-11-07,"Packaging Industries","26.4542,87.2797",26.4542,87.2797
22181,"Packaging Product",,Lazimpat,"4247, Ktm",Kathmandu,Nepal,00977-1-4415399,,00977-1-4412746,info@nepalprinters.com,http://www.nepalprinters.com,2009-11-07,"Packaging Industries","27.701691866146,85.320596694946",27.701691866146,85.320596694946
22182,"Pashupati Box Factory (P) Ltd.",,Dillibazar,"260, Ktm",Kathmandu,Nepal,"00977-1-4473697, 4474694",,00977-1-4474694,,,2009-11-07,"Packaging Industries","27.701691866146,85.320596694946",27.701691866146,85.320596694946
22183,"Pashupati Box Factory (P) Ltd.",,Shreepur,,Birgunj,Nepal,"522438, 522455",,522455,,,2009-11-07,"Packaging Industries","27.010428,84.877352",27.010428,84.877352
22184,"Pashupati Printing & Packaging P. Ltd.",,"Kalika Nagar",,Bhairahawa,Nepal,520693,,,,,2009-11-07,"Packaging Industries","27.5,83.45",27.5,83.45
22185,"Pawan Packaging Industry",,Thasikhel,"2493, Ltp",Kathmandu,Nepal,"00977-1-5536861, 4267258, 9851052365",,,,,2009-11-07,"Packaging Industries","27.701691866146,85.320596694946",27.701691866146,85.320596694946
22186,"Quality Print Pack",,Naxal,,Kathmandu,Nepal,00977-1-4424316,,,printpack@wlink.com.np,,2009-11-07,"Packaging Industries","27.701691866146,85.320596694946",27.701691866146,85.320596694946
22187,"Quality Print Pack",,Banepa,,Banepa,Nepal,011-661174,9851064606,,,,2009-11-07,"Packaging Industries","27.633333,85.516667",27.633333,85.516667
22188,"Reliable Packaging Ind. (P) Ltd.",,Dhobikhola,"1063, Ktm",Kathmandu,Nepal,00977-1-4470123,00977-9851022242,00977-1-4474620,ripenbrt@wlink.com.np,,2009-11-07,"Packaging Industries","27.701691866146,85.320596694946",27.701691866146,85.320596694946
22189,"Reliable Packaging Ind. (P) Ltd.",,"Dharan Road",,Biratnagar,Nepal,525135,,,,,2009-11-07,"Packaging Industries","26.4542,87.2797",26.4542,87.2797
22190,"Reliable Packaging Ind. (P) Ltd.",,Duhabi,,Dharan,Nepal,540239,,,,,2009-11-07,"Packaging Industries","26.816667,87.266667",26.816667,87.266667
22191,"Rolls Cutting & Packaging Industries",,"Devkota Chowk",,Biratnagar,Nepal,521423,,,,,2009-11-07,"Packaging Industries","26.4542,87.2797",26.4542,87.2797
22192,"S Packaging (P) Ltd.",,"Hetauda Ind. Estate",,Hetauda,Nepal,521722,,,,,2009-11-07,"Packaging Industries","27.416667,85.033333",27.416667,85.033333
22193,"Sai Packaging Industries Pvt. Ltd.",,Factory,,Kathmandu,Nepal,00977-1-5571568,,,,,2009-11-07,"Packaging Industries","27.701691866146,85.320596694946",27.701691866146,85.320596694946
22194,"Sai Packaging Industries Pvt. Ltd.",,Birgunj,,Birgunj,Nepal,580451,,,,,2009-11-07,"Packaging Industries","27.010428,84.877352",27.010428,84.877352
22195,"Savour Nepal",,Dhapasi,"25664, Ktm",Kathmandu,Nepal,"00977-1-4380367, 2004903",,,savour.nepal@gmail.com,,2009-11-07,"Packaging Industries","27.701691866146,85.320596694946",27.701691866146,85.320596694946
22196,"Shree Essel Packaging (Nepal) Pvt. Ltd.",,HID,,Hetauda,Nepal,522033,,,,,2009-11-07,"Packaging Industries","27.416667,85.033333",27.416667,85.033333
22197,"Shree Ganapati Box Industries",,Koteshwor,"544, Ktm",Kathmandu,Nepal,"00977-1-6630422, 6630916",,00977-1-6630916,,,2009-11-07,"Packaging Industries","27.701691866146,85.320596694946",27.701691866146,85.320596694946
22198,"Super Lamicoats (Pvt.) Ltd.",,Putalisadak,"623, Ktm",Kathmandu,Nepal,"00977-1-4411187, 4412268",00977-9851086620,,supersales@mcnepal.com,,2009-11-07,"Packaging Industries","27.701691866146,85.320596694946",27.701691866146,85.320596694946
22199,"Super Lamicoats (Pvt.) Ltd.",,"HID, Hetauda",,Hetauda,Nepal,"521726, 521275",,521275,,,2009-11-07,"Packaging Industries","27.416667,85.033333",27.416667,85.033333
22200,"Unique Packaging Ind. (P) Ltd.",,Putalisadak,"623, Ktm",Kathmandu,Nepal,"00977-1-4412268, 4411187",,00977-1-4412961,,,2009-11-07,"Packaging Industries","27.701691866146,85.320596694946",27.701691866146,85.320596694946
22201,"United Polysacks (P) Ltd.",,Kupondole,"12247, Ktm",Kathmandu,Nepal,"00977-1-5011613, 5011614",,00977-1-5011612,unitedp@ccsl.com.np,,2009-11-07,"Packaging Industries","27.701691866146,85.320596694946",27.701691866146,85.320596694946
22202,"Venus Packaging Industry",,Imadole,,Lalitpur,Nepal,5200589,9851042958,,sandipamatya@gmail.com,,2009-11-07,"Packaging Industries","27.666667,85.316667",27.666667,85.316667
22203,"Vinex Packaging Industries Pvt. Ltd.",,Gwarko,"12983, Ktm",Kathmandu,Nepal,00977-1-5200589,,00977-1-4411525,uttam@ecomail.com.np,,2009-11-07,"Packaging Industries","27.701691866146,85.320596694946",27.701691866146,85.320596694946
22209,"Vikash Plastic Store",,Dharmapath,,Kathmandu,Nepal,00977-1-4223437,,,,,2009-11-07,"Packaging Materials","27.701691866146,85.320596694946",27.701691866146,85.320596694946
22336,"Appolo Papers & Allied Industry",,Naikap,,Kathmandu,Nepal,00977-1-4312014,,,,,2009-11-07,"Paper Products","27.701691866146,85.320596694946",27.701691866146,85.320596694946
22337,"Arabinda Pulp & Paper Mills (P) Ltd.",,Sunsari,,Dharan,Nepal,560018,,,,,2009-11-07,"Paper Products","26.816667,87.266667",26.816667,87.266667
22338,"Arabinda Pulp & Paper Mills (P.) Ltd.",,Biratnagar,,Biratnagar,Nepal,"524253, 530217",,,,,2009-11-07,"Paper Products","26.4542,87.2797",26.4542,87.2797
22339,"Arun Paper Board Industires",,Katihari,,Biratnagar,Nepal,522034,,,,,2009-11-07,"Paper Products","26.4542,87.2797",26.4542,87.2797
22340,"Ashoka Carbon & Allied Industries (P) Ltd.",,"Indra Chowk","1011, Ktm",Kathmandu,Nepal,"00977-1-4226123, 4228033, 4800017",,00977-1-4430892,dinesh@pacific-nepal.com,http://www.pacific-nepal.com,2009-11-07,"Paper Products","27.701691866146,85.320596694946",27.701691866146,85.320596694946
22341,"Baba Paper Mills Pvt. Ltd.",,"Siddhartha Chowk",,Biratnagar,Nepal,"021-524377, 526610",,,manojkm.dutta@gmail.com,,2009-11-07,"Paper Products","26.4542,87.2797",26.4542,87.2797
22342,"Bagmati Paper Industries Pvt. Ltd.",,Thimi,"11362, Ktm",Bhaktapur,Nepal,"5093229, 5093183",,5093319,bagmati@paper.wlink.com.np,http://www.bagmatipaper.com,2009-11-07,"Paper Products","27.672222,85.427778",27.672222,85.427778
22343,"Bajra Handicraft",,Thamel,,Kathmandu,Nepal,00977-1-4267200,,,sagun@wlink.com.np,,2009-11-07,"Paper Products","27.701691866146,85.320596694946",27.701691866146,85.320596694946
22344,"Bipin Stationary Udhyog",,Kuleshwor,,Kathmandu,Nepal,00977-1-4256969,,,,,2009-11-07,"Paper Products","27.701691866146,85.320596694946",27.701691866146,85.320596694946
22345,"Birat Copy Udhyog",,Chabahil,"10690, Ktm",Kathmandu,Nepal,00977-1-4484565,,00977-1-4469770,,,2009-11-07,"Paper Products","27.701691866146,85.320596694946",27.701691866146,85.320596694946
22346,"Birat Hand Made Paper",,"New Naikap","9012, Ktm",Kathmandu,Nepal,00977-1-4310087,,,,,2009-11-07,"Paper Products","27.701691866146,85.320596694946",27.701691866146,85.320596694946
22347,"C.N. Paper Distributor",,Panipokhari,,Kathmandu,Nepal,"00977-1-2022749, 4437212, 4424606",,,,,2009-11-07,"Paper Products","27.701691866146,85.320596694946",27.701691866146,85.320596694946
22348,"Craft Cottage",,Lazimpat,"7237, Ktm",Kathmandu,Nepal,"00977-1-4427436, 4412422",,00977-1-4220573,,,2009-11-07,"Paper Products","27.701691866146,85.320596694946",27.701691866146,85.320596694946
22349,"Creative Women's Crafts",,Chhauni,"13226, Ktm",Kathmandu,Nepal,"00977-1-4271791, 4279269",,00977-1-4271791,cwcpaper@hotmail.com,,2009-11-07,"Paper Products","27.701691866146,85.320596694946",27.701691866146,85.320596694946
22350,"Dashing Traders",,"New Road","4700, Ktm",Kathmandu,Nepal,"00977-1-4240289, 4229526",,00977-1-4225806,dashing@wlink.com.np,,2009-11-07,"Paper Products","27.701691866146,85.320596694946",27.701691866146,85.320596694946
22351,"Decent Enterprises / Chokhani International",,Teku,"3217, Ktm",Kathmandu,Nepal,"00977-1-4225325, 4230235, 4230560",,00977-1-4224113,decent@mos.com.np,,2009-11-07,"Paper Products","27.701691866146,85.320596694946",27.701691866146,85.320596694946
22352,"Deep Jyoti Trading & Paper Suppliers",,Dharmapath,,Kathmandu,Nepal,"00977-1-4254754, 2011349, 9851077993",,,deepjyoti@hotmail.com,,2009-11-07,"Paper Products","27.701691866146,85.320596694946",27.701691866146,85.320596694946
22353,"Divya Shakti Paper Products P. Ltd.",,Kupondole,"21171, Ktm",Kathmandu,Nepal,"00977-1-5534606, 5546053",,,mtherbpro@wlink.com.np,,2009-11-07,"Paper Products","27.701691866146,85.320596694946",27.701691866146,85.320596694946
22354,"Everest Paper Mills (P) Ltd.",,"New Road","2332, Ktm",Kathmandu,Nepal,"00977-1-4225428, 4240934, 4240935",,00977-1-4224565,everest@ntc.net.np,,2009-11-07,"Paper Products","27.701691866146,85.320596694946",27.701691866146,85.320596694946
22355,"Everest Paper Mills (P) Ltd.",,Dhanusha,,Janakpur,Nepal,"520093, 520512, 522259",,520317,,,2009-11-07,"Paper Products","26.718284,85.906456",26.718284,85.906456
22356,"Fish Tail Paper Industries",,Deep,,Pokhara,Nepal,440219,,,,,2009-11-07,"Paper Products","28.26689192466,83.968505859375",28.26689192466,83.968505859375
22357,"Fuji Paper Products",,Sanepa,"9549, Ktm",Kathmandu,Nepal,"00977-1-4274185, 4274194",,00977-1-4274194,,,2009-11-07,"Paper Products","27.701691866146,85.320596694946",27.701691866146,85.320596694946
22358,"Garg Paper Products",,"Lal Durbar","9162, Ktm",Kathmandu,Nepal,"00977-1-4247424, 4220701",,,gargprnt@ccsl.com.np,,2009-11-07,"Paper Products","27.701691866146,85.320596694946",27.701691866146,85.320596694946
22359,"Garima Enterprises",,"Makhan Galli","12327, Ktm",Kathmandu,Nepal,"00977-1-4242680, 4259188",,00977-1-4259852,kabra@mail.com.np,,2009-11-07,"Paper Products","27.701691866146,85.320596694946",27.701691866146,85.320596694946
22360,"General Paper & Paper Products",,Hatiban,,Kathmandu,Nepal,00977-1-5543456,,,,,2009-11-07,"Paper Products","27.701691866146,85.320596694946",27.701691866146,85.320596694946
22361,"Handmade Paper Shop",,Thamel,,Kathmandu,Nepal,"00977-1-4264819, 4265809",,,,,2009-11-07,"Paper Products","27.701691866146,85.320596694946",27.701691866146,85.320596694946
22362,"Himal Paper Concern",,Putalisadak,,Kathmandu,Nepal,00977-1-4429041,,,,,2009-11-07,"Paper Products","27.701691866146,85.320596694946",27.701691866146,85.320596694946
22363,"Himal Paper Industries",,Koteshwor,,Kathmandu,Nepal,"00977-1-6633960, 6634305",,,,,2009-11-07,"Paper Products","27.701691866146,85.320596694946",27.701691866146,85.320596694946
22364,"Himalayan Paper Works",,"Kamal Binayak","12260, Bkt",Kathmandu,Nepal,00977-1-6613344,,00977-1-6614400,,,2009-11-07,"Paper Products","27.701691866146,85.320596694946",27.701691866146,85.320596694946
22365,"Kagaj Kothi",,Khichapokhari,"6547, Ktm",Kathmandu,Nepal,"00977-1-4246578, 4225776",,00977-1-4280618,kagajkothi@wlink.com.np,,2009-11-07,"Paper Products","27.701691866146,85.320596694946",27.701691866146,85.320596694946
22366,"Kagaj Kothi",,Kuleshwor,,Kathmandu,Nepal,"00977-1-4279619, 4280619",,00977-1-4280618,kagajkothi@gmail.com,manohar.mool@gmail.com,2009-11-07,"Paper Products","27.701691866146,85.320596694946",27.701691866146,85.320596694946
22367,"Kanpou-Nepal (Kanpou Kagaz Udhyog)",,Satdobato,,Kathmandu,Nepal,"00977-1-5524299, 9841223102",,00977-1-5526807,kanpounp@mail.com.np,,2009-11-07,"Paper Products","27.701691866146,85.320596694946",27.701691866146,85.320596694946
22368,"Kasthamandap Paper Crafts",,Chhauni,"10158, Ktm",Kathmandu,Nepal,"00977-1-4276280, 4276332",,,kasthaman@yahoo.com,,2009-11-07,"Paper Products","27.701691866146,85.320596694946",27.701691866146,85.320596694946
22369,"Krishna Pulp & Millboard Industries",,"Krishna Nagar",,Kapilvastu,Nepal,"076-520055, 520355",9857022946/47,,krishna_ruchi@rediffmail.com,,2009-11-07,"Paper Products / Stationery","27.55,83.05",27.55,83.05
22370,"Lekali Paper Industries",,Buddhanagar,"23262, Ktm",Kathmandu,Nepal,"00977-1-4224195, 4784346, 2041002",,,abhiyan123@hotmail.com,,2009-11-07,"Paper Products","27.701691866146,85.320596694946",27.701691866146,85.320596694946
22371,"Lotus Paper Crafts (P) Ltd.",,Balaju,"8333, Ktm",Kathmandu,Nepal,00977-1-4350812,,00977-1-4351115,lotus@daphne.wlink.com.np,http://www.lotuscraft.com,2009-11-07,"Paper Products","27.701691866146,85.320596694946",27.701691866146,85.320596694946
22372,"Makalu Paper Products",,Kuleshwor,"13721, Ktm",Kathmandu,Nepal,00977-1-4279664,,00977-1-4272704,makalu@wlink.com.np,,2009-11-07,"Paper Products","27.701691866146,85.320596694946",27.701691866146,85.320596694946
22373,"Marina Paper",,Kathmandu,"10981, ktm",Kathmandu,Nepal,00977-1-4416968,,00977-1-4426349,marina@marinapaper.com,http://www.marinapaper.com,2009-11-07,"Paper Products","27.701691866146,85.320596694946",27.701691866146,85.320596694946
22374,"Muni's / T Muni's Handmade Paper Products (P) Ltd.",,"Jyatha, Thamel",,Kathmandu,Nepal,00977-1-4282829,,,smuni@mail.com.np,,2009-11-07,"Paper Products","27.701691866146,85.320596694946",27.701691866146,85.320596694946
22375,"Navadurga Paper Recycling Mills",,Pokhara,,Pokhara,Nepal,520591,,,,,2009-11-07,"Paper Products","28.26689192466,83.968505859375",28.26689192466,83.968505859375
22376,"Nekap Enterprises",,"Naghal Tole",,Kathmandu,Nepal,"00977-1-4259895, 4262932",00977-9851081510,,loktapaper@hotmail.com,,2009-11-07,"Paper Products","27.701691866146,85.320596694946",27.701691866146,85.320596694946
22377,"Nepal Craft Paper Industries",,Tilganga,"13764, Ktm",Kathmandu,Nepal,00977-1-4491760,,00977-1-4491760,nepalcraft@hotmail.com.np,,2009-11-07,"Paper Products","27.701691866146,85.320596694946",27.701691866146,85.320596694946
22378,"Nepal Crafts Collection",,Bansbari,"981, Ktm",Kathmandu,Nepal,00977-1-4370371,,00977-1-4436795,nepcraft@mos.com.np,,2009-11-07,"Paper Products","27.701691866146,85.320596694946",27.701691866146,85.320596694946
22379,"Nepal Handmade Paper Products",,Bhaktapur,,Kathmandu,Nepal,"00977-1-6613577, 9851039390",,,jkkoju@yahoo.com,http://www.nutcote.demon.co.uk/nhpp,2009-11-07,"Paper Products","27.701691866146,85.320596694946",27.701691866146,85.320596694946
22380,"Nepal Paper Crafts Pvt. Ltd.",,Bagbazar,"3423, Ktm",Kathmandu,Nepal,"00977-1-4231729, 4231614",,00977-1-4231614,ritaniwas@wlink.com.np,,2009-11-07,"Paper Products","27.701691866146,85.320596694946",27.701691866146,85.320596694946
22381,"Nepali Kagaj Udyog",,Kuleshwor,,Kathmandu,Nepal,00977-1-4276942,,00977-1-4276942,bibendra_nku@hotmail.com,,2009-11-07,"Paper Products","27.701691866146,85.320596694946",27.701691866146,85.320596694946
22382,"Nepali Kham File",,Kilagal,,Kathmandu,Nepal,00977-1-4219086,,,,,2009-11-07,"Paper Products","27.701691866146,85.320596694946",27.701691866146,85.320596694946
22383,"Nepali Paper Product (P) Ltd.",,Swoyambhu,"6750, Ktm",Kathmandu,Nepal,"00977-1-4274012, 4281459, 4284524",,00977-1-4286128,nepalipp@wlink.com.np,http://www.nepalipaperproducts.com,2009-11-07,"Paper Products","27.701691866146,85.320596694946",27.701691866146,85.320596694946
22384,"Newa Paper Craft",,Thamel,,Kathmandu,Nepal,00977-1-4411921,,,newapapercraft@hotmail.com,,2009-11-07,"Paper Products","27.701691866146,85.320596694946",27.701691866146,85.320596694946
22385,"Niva Paper and Paper Craft",,Chalakhu,,Kathmandu,Nepal,00977-1-4261685,,00977-1-4261685,nishi@info.com.np,http://www.nivapaper.com,2009-11-07,"Paper Products","27.701691866146,85.320596694946",27.701691866146,85.320596694946
22386,"Paper Craft Udhyog Pvt. Ltd.",,Sitapaila,"6750, Ktm",Kathmandu,Nepal,"00977-1-4275648, 4274012, 4281459",,00977-1-4274012,nepalipp@wlink.com.np,,2009-11-07,"Paper Products","27.701691866146,85.320596694946",27.701691866146,85.320596694946
22387,"Parijat Paper Distribution Service",,Tusal,,Kathmandu,Nepal,"00977-1-4462624, 016221477",,,,,2009-11-07,"Paper Products","27.701691866146,85.320596694946",27.701691866146,85.320596694946
22388,"Pashupati Paper Product (P) Ltd.",,Duhabi,,Dharan,Nepal,540084,,,,,2009-11-07,"Paper Products","26.816667,87.266667",26.816667,87.266667
22389,"Pooja Paper Industry",,Gothatar,"23103, Ktm",Kathmandu,Nepal,"00977-1-4991204,  016911875",00977-9851019542,00977-1-4991204,info@poojapaper.com,http://www.poojapaper.com,2009-11-07,"Paper Products","27.701691866146,85.320596694946",27.701691866146,85.320596694946
22390,"Pooja Paper Industry",,Thamel,,Kathmandu,Nepal,"00977-1-2064119, 9841318205",,,thapasushil20@yahoo.com,,2009-11-07,"Paper Products","27.701691866146,85.320596694946",27.701691866146,85.320596694946
22391,"Print Cell Imaging",,Kopundole,,Kathmandu,Nepal,"00977-1-5011750, 5526330, 4255891",,,,http://www.printcell.com,2009-11-07,"Paper Products","27.701691866146,85.320596694946",27.701691866146,85.320596694946
22392,"Pulkit International",,"Makhan Galli","12327, Ktm",Kathmandu,Nepal,"00977-1-4242680, 4259188",,00977-1-4259852,kabra@mail.com.np,,2009-11-07,"Paper Products","27.701691866146,85.320596694946",27.701691866146,85.320596694946
22393,"Rathi Paper House Pvt. Ltd.",,Kathmandu,,Kathmandu,Nepal,"00977-1-4302929, 4671965",,00977-1-4671811,bkrathi@wlink.com.np,,2009-11-07,"Paper Products","27.701691866146,85.320596694946",27.701691866146,85.320596694946
22394,"Reliance Paper Mills P. Ltd.",,Teku,"10905, Ktm",Kathmandu,Nepal,"00977-1-4227831, 4227237, 4224821",,00977-1-4246788,relpaper@wlink.com.np,,2009-11-07,"Paper Products","27.701691866146,85.320596694946",27.701691866146,85.320596694946
22395,"S. S. Traders",,Anamnagar,,Kathmandu,Nepal,00977-1-4771380,,,,,2009-11-07,"Paper Products","27.701691866146,85.320596694946",27.701691866146,85.320596694946
22396,"Sagar Paper Products",,Thamel,,Kathmandu,Nepal,"00977-1-4419088, 9851030067",,,ppsagar@wlink.com.np,,2009-11-07,"Paper Products","27.701691866146,85.320596694946",27.701691866146,85.320596694946
22397,"Sanjita Overseas Services Trading (P) Ltd.",,Khichapokhari,"13656, Ktm",Kathmandu,Nepal,00977-1-4223411,,00977-1-4230711,pramod@pjb.wlink.com.np,,2009-11-07,"Paper Products","27.701691866146,85.320596694946",27.701691866146,85.320596694946
22398,"Saugal Paper Concern",,Laltipur,,Kathmandu,Nepal,00977-1-5532914,,,,,2009-11-07,"Paper Products","27.701691866146,85.320596694946",27.701691866146,85.320596694946
22399,"Shanta Prints Shop",,Thamel,,Kathmandu,Nepal,00977-1-4259928,,,,,2009-11-07,"Paper Products","27.701691866146,85.320596694946",27.701691866146,85.320596694946
22400,"Shiva Shakti Hatey Kagaj Udhyog",,Bangemudha,"8521, Ktm",Kathmandu,Nepal,"00977-1-4259569, 4264624",,00977-1-4258994,shivalokta@mail.com,,2009-11-07,"Paper Products","27.701691866146,85.320596694946",27.701691866146,85.320596694946
22401,"Shristi Kham File Udyog",,Pardi,,Pokhara,Nepal,525781,,,,,2009-11-07,"Paper Products","28.26689192466,83.968505859375",28.26689192466,83.968505859375
22402,"Superior Handmade Paper Product",,Sinamangal,"21991, Ktm",Kathmandu,Nepal,00977-1-4494039,,00977-1-4483224,paper@superior.wlink.com.np,http://www.superiorpaper.com.np,2009-11-07,"Paper Products","27.701691866146,85.320596694946",27.701691866146,85.320596694946
22403,"Suryamukhi Copy Udyog",,"Kaji Pokhari",,Pokhara,Nepal,521912,,,,,2009-11-07,"Paper Products","28.26689192466,83.968505859375",28.26689192466,83.968505859375
22404,"Tibetan Handicraft & Paper Pvt. Ltd.",,Kapan,"10527, Ktm",Kathmandu,Nepal,"00977-1-4820728, 9851088482, 9851006243",,00977-1-4820043,thi@wlink.com.np,http://www.tibetanhandicraftpaper.com,2009-11-07,"Paper Products","27.701691866146,85.320596694946",27.701691866146,85.320596694946
22405,"Unique Paper Crafts (P) Ltd. (UPC)",,"Ravi Bhawan","21326, Ktm",Kathmandu,Nepal,00977-1-4272822,,00977-1-4272822,upcraft@wlink.com.np,http://www.uniquepapercraft.com,2009-11-07,"Paper Products","27.701691866146,85.320596694946",27.701691866146,85.320596694946
22406,"Universal Trade Concern",,Putalisadak,"2493, Ktm",Kathmandu,Nepal,"00977-1-4247023, 4267259",,00977-1-4267259,nepalpaper@hotmail.com,,2009-11-07,"Paper Products","27.701691866146,85.320596694946",27.701691866146,85.320596694946
22407,"Western Nepal Crafts Pvt. Ltd.",,Thamel,"7116, Ktm",Kathmandu,Nepal,00977-1-4422608,,00977-1-4417208,manohar@hons.com.np,http://www.westernnepalpaper.com,2009-11-07,"Paper Products","27.701691866146,85.320596694946",27.701691866146,85.320596694946
22408,"Women Welfare Exporters",,Satghumti,"19072, Ktm",Kathmandu,Nepal,00977-1-4700271,,,narayanpandey@yahoo.com,,2009-11-07,"Paper Products","27.701691866146,85.320596694946",27.701691866146,85.320596694946
22409,"Yeti Paper Crafts",,Thamel,,Kathmandu,Nepal,"00977-1-4266264, 4352236",,,,,2009-11-07,"Paper Products","27.701691866146,85.320596694946",27.701691866146,85.320596694946
22680,"Papermat Pen Industries (P.) Ltd.",,Kamalpokhari,,Kathmandu,Nepal,00977-1-4414592,,,papermat@wlink.com.np,,2009-11-07,"Pen Industry","27.701691866146,85.320596694946",27.701691866146,85.320596694946
23163,"Biju Plastic Industries Pvt. Ltd.",,"Patan Industrial State",,Lalitpur,Nepal,5526553,9851025503,,,,2009-11-07,"Pipes & Fittings","27.666667,85.316667",27.666667,85.316667
23168,"Dolly Plastic",,Dharan,,Dharan,Nepal,520829,,521843,,,2009-11-07,"Pipes & Fittings","26.816667,87.266667",26.816667,87.266667
23169,"Eastern Plastic Industries Pvt. Ltd.",,"Pyukha Tole","2501, Ktm",Kathmandu,Nepal,"00977-1-4222729, 4220377, 4224928",,00977-1-4221295,eastex@wlink.com.np,,2009-11-07,"Pipes & Fittings","27.701691866146,85.320596694946",27.701691866146,85.320596694946
23173,"Kamla Polythene & Plastic Industries Pvt. Ltd.",,Mujelia,,Janakpur,Nepal,523280,,520705,bnmahto@wlink.com.np,,2009-11-07,"Pipes & Fittings","26.718284,85.906456",26.718284,85.906456
23177,"Luxmi Plastics",,"Surkhet Road",,Birgunj,Nepal,520296,,,,,2009-11-07,"Pipes & Fittings","27.010428,84.877352",27.010428,84.877352
23179,"Mahabaudha Plastic Industries (P) Ltd.",,Okubahal,,Kathmandu,Nepal,00977-1-5530845,,,,,2009-11-07,"Pipes- Polythene","27.701691866146,85.320596694946",27.701691866146,85.320596694946
23191,"Nepal Polythene & Plastic Industries",,"Siddhartha Rajmarg",,Bhairahawa,Nepal,540966,,,,,2009-11-07,"Pipes & Fittings","27.5,83.45",27.5,83.45
23195,"Popular Plastics (P) Ltd.",,Kupondole,"650, Ktm",Kathmandu,Nepal,"00977-1-5523559, 5535473",,00977-1-5526837,npgroup@mos.com.np,,2009-11-07,"Pipes & Fittings","27.701691866146,85.320596694946",27.701691866146,85.320596694946
23196,"Popular Plastics (P) Ltd.",,Dharan,,Dharan,Nepal,520434,,520490,npgroup@ccsl.com.np,,2009-11-07,"Pipes & Fittings","26.816667,87.266667",26.816667,87.266667
23207,"Tahachal Plastic Udyog",,Tahachal,,Kathmandu,Nepal,00977-1-4280764,00977-9841289403,,,,2009-11-07,"Pipes & Fittings","27.701691866146,85.320596694946",27.701691866146,85.320596694946
23214,"Himalaya Plastics (P) Ltd.",,Balaju,"2176, Ktm",Kathmandu,Nepal,00977-1-4350358,,00977-1-4350953,himalayaplastic@hotmail.com,,2009-11-07,"Pipes- HDPE","27.701691866146,85.320596694946",27.701691866146,85.320596694946
23215,"Hisi Polythene and Plastic Industries (P) Ltd.",,"Hetauda Ind. District",,Hetauda,Nepal,"521359, 521618",,,,,2009-11-07,"Pipes- HDPE","27.416667,85.033333",27.416667,85.033333
23216,"Hisi Polythene and Plastic Industries (Pvt.) Ltd.",,Balaju,"2944, Ktm",Kathmandu,Nepal,"00977-1-4351800, 4350022",,00977-1-4351800,info@hisipoly.com.np,http://www.hisipoly.com.np,2009-11-07,"Pipes- HDPE","27.701691866146,85.320596694946",27.701691866146,85.320596694946
23217,"Shah Plastic Udyog",,"College Road",,Biratnagar,Nepal,"525120, 524642",,,,,2009-11-07,"Pipes- HDPE","26.4542,87.2797",26.4542,87.2797
23218,"Yeti Plastics Industries (P) Ltd.",,Gyaneshwor,"9914, Ktm",Kathmandu,Nepal,00977-1-4445871,,00977-1-4445872,info@yetiplastic.com,http://www.yetiplastic.com,2009-11-07,"Pipes- HDPE","27.701691866146,85.320596694946",27.701691866146,85.320596694946
23228,"G. P. Pipe (P) Ltd. & Bishnu Plastic (P) Ltd.",,Sinamangal,"8206, Ktm",Kathmandu,Nepal,00977-1-4482732,,,,,2009-11-07,"Pipes- Polythene","27.701691866146,85.320596694946",27.701691866146,85.320596694946
23230,"Tandon Plastics Pvt. Ltd.",,Koteshwor,"8315, Ktm",Kathmandu,Nepal,00977-1-4469199,00977-9851025694,00977-1-4112203,tandonplastic@yahoo.com,,2009-11-07,"Pipes- Polythene","27.701691866146,85.320596694946",27.701691866146,85.320596694946
23231,"Tandon Plastics Pvt. Ltd.",,"Industrial Estate",,Nepalgunj,Nepal,520495,,,,,2009-11-07,"Pipes- Polythene","28.05,81.616667",28.05,81.616667
23232,"Deep Plastic Products",,Milanchowk,,Bhairahawa,Nepal,540376,,,yogbe2003@yahoo.com,,2009-11-07,"Pipes- PVC","27.5,83.45",27.5,83.45
23233,"Eastern Plastic Industries Pvt. Ltd.",,Bara,,Birgunj,Nepal,"580457, 580496, 580219",,,eastern@atcmail.com.np,,2009-11-07,"Pipes- PVC","27.010428,84.877352",27.010428,84.877352
23241,"Agoi Plastic Industries",,Tinpaini,"70, Btr",Biratnagar,Nepal,527595,,,,,2009-11-07,"Plastic Products","26.4542,87.2797",26.4542,87.2797
23242,"Alam Plastic Industries",,"Butwal Ind. Estate",,Bhairahawa,Nepal,"540603, 543603, 543673",,,,,2009-11-07,"Plastic Products","27.5,83.45",27.5,83.45
23243,"Annapurna Plastic Industries",,"Adarsha Nagar",,Birgunj,Nepal,521065,,,,,2009-11-07,"Plastic Products","27.010428,84.877352",27.010428,84.877352
23245,"Arunodaya Plastic Udyog",,Biratnagar,,Biratnagar,Nepal,"526396, 524390",,522800,dbgoyal@ccsl.com.np,,2009-11-07,"Plastic Products","26.4542,87.2797",26.4542,87.2797
23246,"Arunodaya Plastic Udyog",,Factory,,Dharan,Nepal,560627,,,,,2009-11-07,"Plastic Products","26.816667,87.266667",26.816667,87.266667
23247,"Ashok Plastic Packaging Industries",,Katahari,,Biratnagar,Nepal,522606,,,,,2009-11-07,"Plastic Products","26.4542,87.2797",26.4542,87.2797
23248,"Asian TeenoPlastic Ind.",,Kathmandu,,Kathmandu,Nepal,00977-1-2012631,,,,,2009-11-07,"Plastic Products","27.701691866146,85.320596694946",27.701691866146,85.320596694946
23250,"Baba Bajrangbali Plastic Udyog",,"Main Road",,Biratnagar,Nepal,"523053, 528760",,,manojban@hotmail.com,,2009-11-07,"Plastic Products","26.4542,87.2797",26.4542,87.2797
23251,"Baba Multicolour Plastic Pvt. Ltd.",,"Siddhartha Chowk",,Biratnagar,Nepal,"524377, 526610",,524377,,,2009-11-07,"Plastic Products","26.4542,87.2797",26.4542,87.2797
23252,"Bagmati Plastic Industries (P) Ltd.",,"Main Road","159, Brt",Biratnagar,Nepal,"522780, 524327",,528605,kaveri@cworld.com.np,,2009-11-07,"Plastic Products","26.4542,87.2797",26.4542,87.2797
23253,"Bagmati Plastic Industries (P.) Ltd.",,"New Road",,Kathmandu,Nepal,"00977-1-4225215, 4243215",00977-9851039175,00977-1-4241297,skbagmati@gmail.com,http://www.bagmatiplastic.com,2009-11-07,"Plastic Products","27.701691866146,85.320596694946",27.701691866146,85.320596694946
23254,"Bagmati Plastic Suppliers",,Chabahil,,Kathmandu,Nepal,00977-1-4495795,,,,,2009-11-07,"Plastic Products","27.701691866146,85.320596694946",27.701691866146,85.320596694946
23255,"Bahumukhi Plastic Udyog",,Hetauda,,Hetauda,Nepal,520782,,,,,2009-11-07,"Plastic Products","27.416667,85.033333",27.416667,85.033333
23257,"Basnet Plastic Container Udyog",,Biratnagar,,Biratnagar,Nepal,527579,,,,,2009-11-07,"Plastic Products","26.4542,87.2797",26.4542,87.2797
23258,"Best Plastic Industries",,"Bhaktapur Industrial Estate",,Bhaktapur,Nepal,6611360,,6615273,,,2009-11-07,"Plastic Products","27.672222,85.427778",27.672222,85.427778
23261,"Birat Plastic Udyog",,Biratnagar,,Biratnagar,Nepal,530303,,,,,2009-11-07,"Plastic Products","26.4542,87.2797",26.4542,87.2797
23262,"Buddha Plastic Udyog",,Khundhar,,Pokhara,Nepal,520596,,,,,2009-11-07,"Plastic Products","28.26689192466,83.968505859375",28.26689192466,83.968505859375
23264,"Cable & Plastic Industrias P. Ltd.",,"Industrial Estate",,Hetauda,Nepal,520672,,,,,2009-11-07,"Plastic Products","27.416667,85.033333",27.416667,85.033333
23265,"Chhago Plastic Industries (P) Ltd.",,Bijayapur,,Pokhara,Nepal,525735,,521571,,,2009-11-07,"Plastic Products","28.26689192466,83.968505859375",28.26689192466,83.968505859375
23267,"Devi Ram Plastic",,"Old Airport",,Biratnagar,Nepal,523539,,,,,2009-11-07,"Plastic Products","26.4542,87.2797",26.4542,87.2797
23269,"Durga Polythine & Plastic Pvt. Ltd.",,Jadibuti,,Kathmandu,Nepal,"00977-1-6632771, 9841206359",,,,,2009-11-07,"Plastic Products","27.701691866146,85.320596694946",27.701691866146,85.320596694946
23271,"Everest Plastic Industries (P) Ltd.",,"Main Road",,Biratnagar,Nepal,"524690, 524590",,,ankur@ccsl.com.np,,2009-11-07,"Plastic Products","26.4542,87.2797",26.4542,87.2797
23272,"Everest Plastic Industries (P) Ltd.",,"Duhabi (Factory)",,Dharan,Nepal,540207,,,,,2009-11-07,"Plastic Products","26.816667,87.266667",26.816667,87.266667
23273,"Evergreen Plastics Industries",,"Mahendra Pool",,Pokhara,Nepal,"521784, 522049",,,,,2009-11-07,"Plastic Products","28.26689192466,83.968505859375",28.26689192466,83.968505859375
23274,"Everygreen Plastic Industry",,"Naya Bazar",,Pokhara,Nepal,526211,,,,,2009-11-07,"Plastic Products","28.26689192466,83.968505859375",28.26689192466,83.968505859375
23277,"Ganapati Plastic Industries",,"Bhrikuti Chowk",,Biratnagar,Nepal,"522649, 527828",,524039,,,2009-11-07,"Plastic Products","26.4542,87.2797",26.4542,87.2797
23278,"Gandaki Plastic Products (P) Ltd.",,Bijayapur,,Pokhara,Nepal,"521122, 520645, 521571",,521571,,,2009-11-07,"Plastic Products","28.26689192466,83.968505859375",28.26689192466,83.968505859375
23279,"Ganesh Plastic Industries (P) Ltd.",,Biratnagar,101,Biratnagar,Nepal,"526929, 523330",,524533,,,2009-11-07,"Plastic Products","26.4542,87.2797",26.4542,87.2797
23281,"Gauri Shankar Plastic Udhyog",,"Patan Industrial Estate",,Kathmandu,Nepal,00977-1-5526385,,,rebacharya@wlink.com.np,,2009-11-07,"Plastic Products","27.701691866146,85.320596694946",27.701691866146,85.320596694946
23282,"Gem Plasticrafts Pvt. Ltd.",,"Pyafal Tole",,Kathmandu,Nepal,"00977-1-4261881, 4261852",,00977-1-4261907,gemplastic@gmail.com,,2009-11-07,"Plastic Products","27.701691866146,85.320596694946",27.701691866146,85.320596694946
23284,"Gopal Plastic & Polythene Industries",,"Ward 2",,Biratnagar,Nepal,"524731, 523752",,,,,2009-11-07,"Plastic Products","26.4542,87.2797",26.4542,87.2797
23287,"Himal Plastic Product",,Shreepur,,Birgunj,Nepal,521136,,,,,2009-11-07,"Plastic Products","27.010428,84.877352",27.010428,84.877352
23288,"Himalaya Plastic Works",,Pichara,,Biratnagar,Nepal,524794,,,,,2009-11-07,"Plastic Products","26.4542,87.2797",26.4542,87.2797
23289,"Himali Plastic Works",,Pichara,,Biratnagar,Nepal,524794,,,,,2009-11-07,"Plastic Products","26.4542,87.2797",26.4542,87.2797
23290,"Isha Plastic (P) Ltd.",,Dharan,,Dharan,Nepal,520434,,,,,2009-11-07,"Plastic Products","26.816667,87.266667",26.816667,87.266667
23291,"J. S. Plastic Udhyog",,"Patan Ind. Estate",,Kathmandu,Nepal,"00977-1-5522261, 5526553",,,,,2009-11-07,"Plastic Products","27.701691866146,85.320596694946",27.701691866146,85.320596694946
23292,"Jai Shree Plastic Udyog (P) Ltd.",,Sanihat,,Biratnagar,Nepal,525391,,525047,,,2009-11-07,"Plastic Products","26.4542,87.2797",26.4542,87.2797
23293,"Jalapa Plastic",,Lalitpur,,Kathmandu,Nepal,00977-1-5202106,,,,,2009-11-07,"Plastic Products","27.701691866146,85.320596694946",27.701691866146,85.320596694946
23295,"Jaya Sri Plastic Industries",,"Ward 13",,Biratnagar,Nepal,525047,,,,,2009-11-07,"Plastic Products","26.4542,87.2797",26.4542,87.2797
23296,"Jayanta Plastics",,Dharan,,Dharan,Nepal,520825,,,,,2009-11-07,"Plastic Products","26.816667,87.266667",26.816667,87.266667
23297,"Jaysri Plastic Udyog",,"Ward 9",,Biratnagar,Nepal,525391,,,,,2009-11-07,"Plastic Products","26.4542,87.2797",26.4542,87.2797
23298,"Kalika Plastic Industries",,"Sangam Path",,Bhairahawa,Nepal,540300,,,,,2009-11-07,"Plastic Products","27.5,83.45",27.5,83.45
23299,"Kanchan Plastic Traders",,Koteshwor,,Kathmandu,Nepal,00977-1-4469598,,,,,2009-11-07,"Plastic Products","27.701691866146,85.320596694946",27.701691866146,85.320596694946
23300,"Karmacharya Plastic Industries (P) Ltd.",,Bijayapur,,Pokhara,Nepal,525735,,521571,,,2009-11-07,"Plastic Products","28.26689192466,83.968505859375",28.26689192466,83.968505859375
23301,"Koshi Plastics Udyog (P) Ltd.",,"Dhobighat (Fac.)",,Kathmandu,Nepal,00977-1-5529356,,,,,2009-11-07,"Plastic Products","27.701691866146,85.320596694946",27.701691866146,85.320596694946
23302,"Koshi Plastics Udyog (P) Ltd.",,Basantapur,"556, Ktm",Kathmandu,Nepal,00977-1-4241504,,00977-1-4225538,ptm@mos.com.np,,2009-11-07,"Plastic Products","27.701691866146,85.320596694946",27.701691866146,85.320596694946
23303,"Koshi Poly Plastic",,"Malaya Road",,Biratnagar,Nepal,"522174, 527091, 524391",,527081,goyal@ccsl.com.np,,2009-11-07,"Plastic Products","26.4542,87.2797",26.4542,87.2797
23305,"Laxmi Plastics",,Kupondole,"650, Ktm",Lalitpur,Nepal,"5523559, 5535473",,5526837,npgroup@mos.com.np,,2009-11-07,"Plastic Products","27.666667,85.316667",27.666667,85.316667
23306,"Laxmi Plastics Udhyog",,Nepalgunj,,Nepalgunj,Nepal,520296,,,,,2009-11-07,"Plastic Products","28.05,81.616667",28.05,81.616667
23307,"Lumbini Plastic Fitting Pvt. Ltd.",,Factory,,Bhairahawa,Nepal,540657,,,,,2009-11-07,"Plastic Products","27.5,83.45",27.5,83.45
23308,"Lumbini Plastic Udyog",,"Ward 6",,Bhairahawa,Nepal,540788,,,,,2009-11-07,"Plastic Products","27.5,83.45",27.5,83.45
23309,"Lumbini Thread & Plastic Store",,Lakeside,,Pokhara,Nepal,536273,,,,,2009-11-07,"Plastic Products","28.26689192466,83.968505859375",28.26689192466,83.968505859375
23310,"M M Plastic Udhyog Pvt. Ltd.",,"Malaya Road",,Biratnagar,Nepal,"527186, 530295, 528125",,,mmp@ntc.net.np,,2009-11-07,"Plastic Products","26.4542,87.2797",26.4542,87.2797
23312,"Mahalaxmi Plastics Industries (P) Ltd.",,"Main Road",,Biratnagar,Nepal,"525202, 526084",,531284,,,2009-11-07,"Plastic Products","26.4542,87.2797",26.4542,87.2797
23313,"Maharani Plastic Udyog",,"Shankar Nagar",,Bhairahawa,Nepal,540812,,,,,2009-11-07,"Plastic Products","27.5,83.45",27.5,83.45
23315,"Malika Plastic Udyog",,Butwal,,Bhairahawa,Nepal,540172,,,,,2009-11-07,"Plastic Products","27.5,83.45",27.5,83.45
23317,"Maruti Plastic Industries",,"Main Road",,Biratnagar,Nepal,"528760, 523093",,,manojban@hotmail.com,,2009-11-07,"Plastic Products","26.4542,87.2797",26.4542,87.2797
23319,"MM Plastic Udyog (P) Ltd.",,"Malaya Road",,Biratnagar,Nepal,"471186, 471295",9852020730,,suyesh@mmgrp.org,http://www.mmgrp.org,2009-11-07,"Plastic Products","26.4542,87.2797",26.4542,87.2797
23321,"Narayani Plastic Udyog (P) Ltd.",,Kalaiya,,Bara,Nepal,053-550245,,,,,2009-11-07,"Plastic Products","27.1341114,85.0649071",27.1341114,85.0649071
23322,"Narayani Plastic Udyog (P) Ltd.",,Bagbazar,"1978, Ktm",Kathmandu,Nepal,"00977-1-4226407, 4224460, 4221447",,00977-1-4246558,,,2009-11-07,"Plastic Products","27.701691866146,85.320596694946",27.701691866146,85.320596694946
23323,"National Plastic Industries",,Biratnagar,,Biratnagar,Nepal,523082,,525180,pkay@ccsl.com.np,,2009-11-07,"Plastic Products","26.4542,87.2797",26.4542,87.2797
23324,"National Plastic Industry (P.) Ltd.",,Balaju,"1653, Ktm",Kathmandu,Nepal,"00977-1-4350133, 4350239",,00977-1-4360690,kamanaplastic@mcmail.com.np,,2009-11-07,"Plastic Products","27.701691866146,85.320596694946",27.701691866146,85.320596694946
23325,"National Poly Plastic Industries (P) Ltd.",,Kalimati,"2350, Ktm",Kathmandu,Nepal,"00977-1-4270655, 4270126",,,,,2009-11-07,"Plastic Products","27.701691866146,85.320596694946",27.701691866146,85.320596694946
23327,"Nepal Plastic (P) Ltd.",,Kupondole,"650, Ktm",Kathmandu,Nepal,"00977-1-5523559, 5535473",,00977-1-5526837,npgroup@mos.com.np,,2009-11-07,"Plastic Products","27.701691866146,85.320596694946",27.701691866146,85.320596694946
23328,"Nepal Plastic (P) Ltd.",,"Industrial Estate","59, Dharan",Dharan,Nepal,"520434, 523343",,520490,,,2009-11-07,"Plastic Products","26.816667,87.266667",26.816667,87.266667
23329,"Nepal Plastic Moulds (P) Ltd.",,Khanar,,Dharan,Nepal,"540414, 526011",,,,,2009-11-07,"Plastic Products","26.816667,87.266667",26.816667,87.266667
23330,"Nepal Polythene & Plastic Industries",,Tripureshwor,"1015, Ktm",Kathmandu,Nepal,"00977-1-4261501, 4261749",,00977-1-4261828,,,2009-11-07,"Plastic Products","27.701691866146,85.320596694946",27.701691866146,85.320596694946
23331,"Nepal Polythene & Plastic Industries",,"Bhanu Chowk",,Janakpur,Nepal,520802,,,,,2009-11-07,"Plastic Products","26.718284,85.906456",26.718284,85.906456
23332,"Nepal Polythene & Plastic Industries",,"Naya Bazar",,Pokhara,Nepal,521118,,,,,2009-11-07,"Plastic Products","28.26689192466,83.968505859375",28.26689192466,83.968505859375
23334,"Nepal Polythene Plastic",,Devnandanpur,,Bhairahawa,Nepal,520795,,,,,2009-11-07,"Plastic Products","27.5,83.45",27.5,83.45
23338,"Panchakanya Plastic & Iron Industries",,"Thute Pipal",,Bhairahawa,Nepal,520368,,,,,2009-11-07,"Plastic Products","27.5,83.45",27.5,83.45
23343,"Pawan Plastic Products",,Hatkhola,,Biratnagar,Nepal,521457,,,,,2009-11-07,"Plastic Products","26.4542,87.2797",26.4542,87.2797
23344,"Phewa Plastic Industry",,Tersapatti,,Pokhara,Nepal,521301,,,,,2009-11-07,"Plastic Products","28.26689192466,83.968505859375",28.26689192466,83.968505859375
23345,"Pioneer Plastics Industries Pvt. Ltd.",,Swayambhu,"5009, Ktm",Kathmandu,Nepal,"00977-1-4277505, 4277505",,00977-1-4279877,pioneer@info.com.np,,2009-11-07,"Plastic Products","27.701691866146,85.320596694946",27.701691866146,85.320596694946
23346,"Plastic Industries (P) Ltd.",,Balaju,"2110, Ktm",Kathmandu,Nepal,"00977-1-4350704, 4221018",,,,,2009-11-07,"Plastic Products","27.701691866146,85.320596694946",27.701691866146,85.320596694946
23347,"Plastic Oil Products",,Bahuari,,Birgunj,Nepal,521774,,,,,2009-11-07,"Plastic Products","27.010428,84.877352",27.010428,84.877352
23348,"Pokhara Shrestha Plastic Industries (P) Ltd.",,"Prithvi Chowk",,Pokhara,Nepal,"525885, 520585",,,,,2009-11-07,"Plastic Products","28.26689192466,83.968505859375",28.26689192466,83.968505859375
23351,"Pradee Plastic Industries",,Birgunj,,Birgunj,Nepal,522783,,,,,2009-11-07,"Plastic Products","27.010428,84.877352",27.010428,84.877352
23352,"Praju Plastic Industries (P) Ltd.",,Tersapatti,,Pokhara,Nepal,520148,,,,,2009-11-07,"Plastic Products","28.26689192466,83.968505859375",28.26689192466,83.968505859375
23353,"Prakash Plastic Udhyog",,Biratnagar,,Biratnagar,Nepal,522082,,528743,,,2009-11-07,"Plastic Products","26.4542,87.2797",26.4542,87.2797
23354,"Prashanna Plastic Udhyog",,Balaju,,Kathmandu,Nepal,"00977-1-4358123, 4362281",,,,,2009-11-07,"Plastic Products","27.701691866146,85.320596694946",27.701691866146,85.320596694946
23355,"Praveen Plastic Packaging Industries",,Katahari,,Biratnagar,Nepal,523606,,,,,2009-11-07,"Plastic Products","26.4542,87.2797",26.4542,87.2797
23356,"Prayash Plastic",,Butwal,,Bhairahawa,Nepal,544130,,,,,2009-11-07,"Plastic Products","27.5,83.45",27.5,83.45
23357,"Puneet Plastic Industries",,"Main Road","120, Birganj",Birgunj,Nepal,"521742, 526642",,526527,ghiraiya@wlink.com.np,,2009-11-07,"Plastic Products","27.010428,84.877352",27.010428,84.877352
23358,"Purwanchal Plastics Industries",,Biratnagar,,Biratnagar,Nepal,527804,,,,,2009-11-07,"Plastic Products","26.4542,87.2797",26.4542,87.2797
23359,"Rabin Plastic",,"Malaya Road",,Biratnagar,Nepal,"522174, 527091",,527081,goyal@ccsl.com.np,,2009-11-07,"Plastic Products","26.4542,87.2797",26.4542,87.2797
23362,"Raju Plastic Center",,Biratnagar,,Biratnagar,Nepal,"524794, 525425",,,,,2009-11-07,"Plastic Products","26.4542,87.2797",26.4542,87.2797
23363,"Reliable Plastic Industries",,Balaju,,Kathmandu,Nepal,00977-1-4350910,,,,,2009-11-07,"Plastic Products","27.701691866146,85.320596694946",27.701691866146,85.320596694946
23364,"S. S. Plastic Distributors",,"Mangal Bazar",,Kathmandu,Nepal,00977-1-5526398,,,,,2009-11-07,"Plastic Products","27.701691866146,85.320596694946",27.701691866146,85.320596694946
23365,"Sa Plastics",,"Ind. Estate",,Dharan,Nepal,520824,,,,,2009-11-07,"Plastic Products","26.816667,87.266667",26.816667,87.266667
23366,"Sabita Plastic Udyog / Ashoka Plastic Udyog",,"New Road","617, Ktm",Kathmandu,Nepal,"00977-1-4223812, 4222677",,00977-1-4223812,gti@wlink.com.np,,2009-11-07,"Plastic Products","27.701691866146,85.320596694946",27.701691866146,85.320596694946
23367,"Sambriddhi Plastic Industries (P) Ltd.",,"Bhaktapur Ind. Estate",,Kathmandu,Nepal,"00977-1-6611020, 6611060",,,,,2009-11-07,"Plastic Products","27.701691866146,85.320596694946",27.701691866146,85.320596694946
23368,"Sambriddhi Plastic Industries (P) Ltd.",,Khichapokhari,"5120, Ktm",Kathmandu,Nepal,"00977-1-4243242, 4223810",,00977-1-4241581,unishiva@infoclub.com.np,,2009-11-07,"Plastic Products","27.701691866146,85.320596694946",27.701691866146,85.320596694946
23369,"Sangam Plastic Udyog",,Balaju,,Kathmandu,Nepal,00977-1-4382100,,,,,2009-11-07,"Plastic Products","27.701691866146,85.320596694946",27.701691866146,85.320596694946
23371,"Sarswati Plastic",,"Main Road",,Biratnagar,Nepal,"522779, 524487",,,sarswati@cworld.com.np,,2009-11-07,"Plastic Products","26.4542,87.2797",26.4542,87.2797
23372,"Shanghai Plastic Industries (P) Ltd.",,"New Road","1850, Ktm",Kathmandu,Nepal,"00977-1-4221236, 4222136",,00977-1-4221003,shanghai7@mos.com.np,,2009-11-07,"Plastic Products","27.701691866146,85.320596694946",27.701691866146,85.320596694946
23373,"Shanghai Plastic Industries (P) Ltd.",,"Patan Industrial  Estate","1850, Ktm",Lalitpur,Nepal,"5522911, 5536096, 5531101",,5527072,,,2009-11-07,"Plastic Products","27.666667,85.316667",27.666667,85.316667
23376,"Shivam Plastic Industries",,Rani,,Biratnagar,Nepal,540387,,,ggroup@brt.wlink.com.np,,2009-11-07,"Plastic Products","26.4542,87.2797",26.4542,87.2797
23378,"Shivashakti Polythene Bag & Plastic Industries",,"Mills Area",,Biratnagar,Nepal,522389,,,,,2009-11-07,"Plastic Products","26.4542,87.2797",26.4542,87.2797
23380,"Shree Guheswori Plastic Industries",,Khumaltar,,Kathmandu,Nepal,"00977-1-5525572, 2110097",,,,,2009-11-07,"Plastic Products","27.701691866146,85.320596694946",27.701691866146,85.320596694946
23382,"Shree Laxmi Plastic Ltd.",,"Tarun Chowk",,Biratnagar,Nepal,530179,,,,,2009-11-07,"Plastic Products","26.4542,87.2797",26.4542,87.2797
23384,"Shree Polythene & Plastic Udyog (P) Ltd.",,"Balaju (Fac.)","1653, Ktm",Kathmandu,Nepal,"00977-1-4350133, 4350239",00977-9851062195,00977-1-4360690,kamanaplastic@mcmail.com.np,,2009-11-07,"Plastic Products","27.701691866146,85.320596694946",27.701691866146,85.320596694946
23385,"Shubam Plastic Center",,"Main Road",,Biratnagar,Nepal,521890,,,,,2009-11-07,"Plastic Products","26.4542,87.2797",26.4542,87.2797
23387,"Sigma Plastic Industries (P) Ltd.",,Pokhariya,,Biratnagar,Nepal,523490,,,,,2009-11-07,"Plastic Products","26.4542,87.2797",26.4542,87.2797
23388,"Somesh Plastic Industries",,Shankarpur,,Biratnagar,Nepal,530689,,,,,2009-11-07,"Plastic Products","26.4542,87.2797",26.4542,87.2797
23389,"Somi Plastic Factory Fitting Industries",,Jorpati,,Kathmandu,Nepal,"00977-1-4468066, 4466590",,,,,2009-11-07,"Plastic Products","27.701691866146,85.320596694946",27.701691866146,85.320596694946
23390,"Super Quality Plastic Industries (P) Ltd.",,"Patan Industrial State",,Lalitpur,Nepal,5527012,9851067876,5527912,,,2009-11-07,"Plastic Products","27.666667,85.316667",27.666667,85.316667
23392,"Suprim Plastic Company (P) Ltd.",,"Naya Bazar",,Pokhara,Nepal,"528922, 520681, 520671",,,,,2009-11-07,"Plastic Products","28.26689192466,83.968505859375",28.26689192466,83.968505859375
23393,"Surendra Plastic Udyog",,Padsari,,Bhairahawa,Nepal,520382,,,,,2009-11-07,"Plastic Products","27.5,83.45",27.5,83.45
23394,"The Rising Rahul Plastic Suppliers",,Balaju,,Kathmandu,Nepal,00977-1-4354954,,,,,2009-11-07,"Plastic Products","27.701691866146,85.320596694946",27.701691866146,85.320596694946
23395,"Timsina Plastic Suppliers",,Kalimati,,Kathmandu,Nepal,00977-1-4274412,,,,,2009-11-07,"Plastic Products","27.701691866146,85.320596694946",27.701691866146,85.320596694946
23396,"Tirupati Plastic Products Pvt. Ltd.",,Biratnagar,,Biratnagar,Nepal,"521457, 531457, 531558",,,,,2009-11-07,"Plastic Products","26.4542,87.2797",26.4542,87.2797
23397,"U. K. Plastic Industries / Anisha Plastic Udhyog",,Gahwa,,Birgunj,Nepal,522266,,527005,,,2009-11-07,"Plastic Products","27.010428,84.877352",27.010428,84.877352
23398,"U.K. Plastic Industries/Anisha Plastic Udhyog",,"Jahada Road",,Biratnagar,Nepal,"523273, 530623",,,,,2009-11-07,"Plastic Products","26.4542,87.2797",26.4542,87.2797
23399,"U.K. Plastic Industries/Anisha Plastic Udhyog",,Gahwa,,Birgunj,Nepal,522266,,527005,,,2009-11-07,"Plastic Products","27.010428,84.877352",27.010428,84.877352
23400,"Udayashree Plastic Udyog (P) Ltd.",,Banasthali,,Kathmandu,Nepal,"00977-1-4272064, 4273168",,00977-1-4272064,,,2009-11-07,"Plastic Products","27.701691866146,85.320596694946",27.701691866146,85.320596694946
23404,"Yeti Plastic Industries Pvt. Ltd.",,"Nasikasthan-1, Kavre",,Banepa,Nepal,"011-662272, 661050",9851116889,,yetiplastic@yahoo.com,,2009-11-07,"Plastic Products","27.633333,85.516667",27.633333,85.516667
23405,"Lingsha's Kesha",,Nepalgunj,,Nepalgunj,Nepal,524534,,,,,2009-11-07,"Plastic Wood","28.05,81.616667",28.05,81.616667
24097,"Shalini Plastics (P) Ltd.",,Satungal,,Kathmandu,Nepal,00977-1-4312210,,,,,2009-11-07,"Printers- Plastic","27.701691866146,85.320596694946",27.701691866146,85.320596694946
24163,"Paper Station",,"New Road",,Kathmandu,Nepal,"00977-1-4266565, 4429041",,,,,2009-11-07,"Printing Machines, Materials & Suppliers","27.701691866146,85.320596694946",27.701691866146,85.320596694946
24391,"CardTec - Nepal",,Kalimati,"194, Ktm",Kathmandu,Nepal,"00977-1-4274494, 4272242",,00977-1-4271110,himanshulashkery@hotmail.com,,2009-11-07,"PVC Card","27.701691866146,85.320596694946",27.701691866146,85.320596694946
24393,"I. T. Graphica Private Limited",,Putalisadak,,Kathmandu,Nepal,00977-1-4434179,,,itg@infoclub.com.np,,2009-11-07,"PVC Card","27.701691866146,85.320596694946",27.701691866146,85.320596694946
24394,"Orion Enterprises",,Lagan,,Kathmandu,Nepal,"00977-1-4215778, 4254076",,00977-1-4215778,orionent@gmail.com,,2009-11-07,"PVC Card","27.701691866146,85.320596694946",27.701691866146,85.320596694946
24395,"Sarala Devi Enterprises",,Putalisadak,,Kathmandu,Nepal,"00977-1-4430732, 9841257971",00977-9841603784,,kkisor2002@yahoo.com,http://www.pvccardnepal.com,2009-11-07,"PVC Card","27.701691866146,85.320596694946",27.701691866146,85.320596694946
24398,"Bhattachan Wrapping Products P. Ltd.",,Balaju,"11338, Ktm",Kathmandu,Nepal,"00977-1-4351327, 4415568",,00977-1-4359030,wrapping@wlink.com.np,,2009-11-07,"PVC Products","27.701691866146,85.320596694946",27.701691866146,85.320596694946
24399,"Gaida Plastic Industries",,Anamnagar,"9944, Ktm",Kathmandu,Nepal,00977-1-4228978,,,nepalgaida@hotmail.com,,2009-11-07,"PVC Products","27.701691866146,85.320596694946",27.701691866146,85.320596694946
24400,"Nuplast Industries (P) Ltd.",,Simara,,Bara,Nepal,053-520979,,,,,2009-11-07,"PVC Products","27.1341114,85.0649071",27.1341114,85.0649071
25744,"Himalaya Rubber & Plastic Udyog",,"Industrial Estate",,Bhairahawa,Nepal,540845,,,,,2009-11-07,"Rubber & Rubber Products","27.5,83.45",27.5,83.45
29584,"Apollo Paper & Allied Industries",,Naikap,,Kathmandu,Nepal,00977-1-4312014,,,,,2009-11-07,Stationery,"27.701691866146,85.320596694946",27.701691866146,85.320596694946
29612,"Bishal Paper Industries",,Balaju,,Kathmandu,Nepal,00977-1-4350867,,,,,2009-11-07,Stationery,"27.701691866146,85.320596694946",27.701691866146,85.320596694946
29646,"Global Masalanda Udyog & Paper Suppliers",,Nayabazar,,Pokhara,Nepal,"534678, 539303",,,,,2009-11-07,Stationery,"28.26689192466,83.968505859375",28.26689192466,83.968505859375
29647,"Global Masland Udhyog & Paper Suppliers",,Nayabazar,,Pokhara,Nepal,"534678, 539303",,,,,2009-11-07,Stationery,"28.26689192466,83.968505859375",28.26689192466,83.968505859375
29658,"Himal Stationery & Paper Products Ltd.",,Birgunj,"86, Birgunj",Birgunj,Nepal,"521313, 525513, 523413",,525913,,,2009-11-07,Stationery,"27.010428,84.877352",27.010428,84.877352
29699,"Mangal Paper Mart",,"Kanti Raj Path",,Hetauda,Nepal,520469,,,,,2009-11-07,Stationery,"27.416667,85.033333",27.416667,85.033333
30453,"New Sagar Plastic Concern",,Ason,,Kathmandu,Nepal,"00977-1-4250551, 4281402",00977-9751044665,00977-1-4243680,newsagar74@yahoo.com,http://www.sagarplastic.com.np,2009-11-07,"Tent & Tarpaulin","27.701691866146,85.320596694946",27.701691866146,85.320596694946
30625,"Wild Fibers","PAPER of nettle hemp lokta rice grass all mixed, shopping bags TEXTILE 500 textiles of very high quality, nettle and hemp CARPET the 1st to manufacture large scale nettle carpet 1995 READYMADE GARMENTS LADIES GENTS CHILDREN ACCESSORIES Manufacturer Exporter deluxe showroom boutique in Thamel",Thamel,"5741, Ktm",Kathmandu,Nepal,"00977-1-4218410, 4439772",00977-9851010298,00977-1-4439772,wildfibers@hotmail.com,http://www.wildfibers.com,2009-11-07,Textiles,"27.701691866146,85.320596694946",27.701691866146,85.320596694946
32511,"Plastic Met Chem Traders",,"Main Road",,Biratnagar,Nepal,"021-521992, 527476",,,pmct_np2@yahoo.com,http://www.pmct.com,2009-11-07,"Industrial Instruments / Generators & Parts, Sales & Repair / Heavy Equipment / UPS & Inverters / Transformers","26.4542,87.2797",26.4542,87.2797
35874,"Tirupati Bag Industries",,Lagankhel,"819, Km",Kathmandu,Nepal,00977-1-5527019,,00977-1-5531889,kabidas@wlink.com.np,,2010-02-11,"Bags & Wrappers","27.701691866146,85.320596694946",27.701691866146,85.320596694946
35881,"Shiva Shakti Packing Pvt. Ltd.",,Teku,"2441, Ktm",Kathmandu,Nepal,00977-1-4100041,,00977-1-4100051,ssgu@gadia.com.np,,2010-02-11,"Packaging Industries","27.701691866146,85.320596694946",27.701691866146,85.320596694946
35967,"Concept International",,Tripureshwor,,Kathmandu,Nepal,00977-1-9841330131,00977-9849144976,,,,2010-02-18,"Bags & Wrappers","27.701691866146,85.320596694946",27.701691866146,85.320596694946
36723,"Handmade Handicraft","Handmade Handicraft, specilise in statue, thangka, silver jewellery, bone jewellery, Rice paper product and other handmade goods, selling handicraft goods made in nepal is our family business and we have been in your service since 1976 A.The main objective of our business is to provite unique high quality product to our customer in a resonable and competative price, we belive that main profit for our business in not the turn over we generates but the number of customer we satisfies with our high quality service and customer care.",Thahity,,Kathmandu,Nepal,00977-1-012464660,00977-9841062320,,info@handmadeexpo.com,http://www.handmadeexpo.com,2010-05-14,"Handicrafts- Metal Statues","27.701691866146,85.320596694946",27.701691866146,85.320596694946
36727,"Crystal Techno & Computer Solutions Pvt. Ltd.","ADSL2+ Router, Wifi Router, PCI ADSL Modem, Dell Laptops, A4 Size Papers, Website Designing & Hosting, Web Application, Software Development & Sales",Jorpati,,Kathmandu,NEPAL,00977-1-4913387,"00977-9841381773, 9840051713",,crystalctcs@aol.com,,2010-05-15,"Computer- Accessories & Dealers","27.7,85.333333",27.7,85.333333
36740,"Raja Paper Crafts","Manufacturer and wholesaler of Paper Crafts",Thamel,,Kathmandu,Nepal,00977-1-4250828,00977-9841203713,,rajapaper@enet.com.np,http://www.rajapaper.com,2010-05-18,"Paper Products","27.701691866146,85.320596694946",27.701691866146,85.320596694946
36742,"Eco Poly Pack Industries","Non Woven Shopping Bags, Utility Bags, Suit Covers etc.",Putalisadak,"3704, Ktm",Kathmandu,Nepal,00977-1-4168035,00977-9851020624,00977-1-4168035,ecopolypack@gmail.com,http://www.silkyribbon.com,2010-05-19,"Bags & Wrappers","27.701691866146,85.320596694946",27.701691866146,85.320596694946
37058,"Birat Copy Udhyog","Manufacturer and suppliers of school/colleges note book, exercise books,exam paper, diary, calender etc.",Chabahil,,Kathmandu,Nepal,00977-1-4484565,00977-9841239119,,sharmak.dinesh@yahoo.com,,2010-07-06,"Paper Products","27.701691866146,85.320596694946",27.701691866146,85.320596694946
37063,J.A.Traders,"Perfect Binding, Paper Folding machine, Plate maker, Lamination ,Stitching, Paper Cutting machine, Book Sewing, Wire-o Locking, Paper Punching, Die Punching machine, Plate Punch for registration ,Vacuum pumps And All offset Rollers[re-coating and New],Heidelberg and Dominant machines spares parts, Bopp Film & Gum",Yangal,,Kathmandu,Nepal,00977-1-4249706,00977-9841350428,,j.a.traders@live.com,http://www.jatraders.com,2010-07-10,"PVC Films","27.701691866146,85.320596694946",27.701691866146,85.320596694946
37064,"J.A.General Order Suppliers","Perfect Binding, Paper Folding machine, Plate maker, Lamination, Stitching, Paper Cutting machine, Book Sewing, Wire-o Locking, Paper Punching, Die Punching machine, Plate Punch for registration ,Vacuum pumps And All offset Rollers[re-coating and New],Heidelberg and Dominant machines spares parts, Bopp Film & Gum",Yangal,,Kathmandu,Nepal,00977-1-4249706,00977-9841350428,,j.a.suppliers@live.com,,2010-07-10,"Printers- Offset","27.701691866146,85.320596694946",27.701691866146,85.320596694946
37277,"Purwanchal Plastic Industry",,"Main Road",,Biratnagar,Nepal,021-521890,952022712,,dharmu712@gmail.com,,2010-08-07,"Plastic Products","26.4542,87.2797",26.4542,87.2797
37580,"Hilltake Plastic and Pipes Industry",,Balaju,,Kathmandu,Nepal,"00977-1-4388691, 4388679",,00977-1-4388340,,,2010-08-30,"Plastic Products","27.701691866146,85.320596694946",27.701691866146,85.320596694946
37968,"Shreeram Packaging Pvt. Ltd.",,"Alakhiya Road",,Birgunj,Nepal,"533252, 528053",,,,,2010-10-04,"Packaging Industries","27.010428,84.877352",27.010428,84.877352
37969,"Shreeram Packaging Pvt. Ltd.",,Simara,,Birgunj,Nepal,"053-520067, 520367",,,,,2010-10-04,"Packaging Industries","27.010428,84.877352",27.010428,84.877352
37971,"Sonex Paper Product Pvt. Ltd.",,Dhobighat,,Kathmandu,Nepal,00977-1-2110004,00977-9851044303,,noyesh@gmail.com,,2010-10-04,"Paper Products","27.701691866146,85.320596694946",27.701691866146,85.320596694946
38043,"MS Press Support","Remember us for: Graphic Designing, HQ Digital Printing, Offset Print, Screen Print and all kinds of paper printing works.100 pcs Business Card with Photo within 30 minute Rs. 360.00 100 pcs. 4""x9"" size Greeting card / Invitation Card Rs. 1,800.00 1000 pcs A4 color Brochure Rs. 9,000.00Remember us for: Graphic Designing, HQ Digital Printing, Offset Print, Screen Print and all kinds of paper printing works.","New Road",,Kathmandu,Nepal,00977-1-4238085,00977-9851085325,00977-1-4223359,sunil@printshopnepal.com,,2010-11-18,"Printers- Offset","27.701691866146,85.320596694946",27.701691866146,85.320596694946
38069,"3P Overseas Nepal","WE ARE AUTHORISED DEALER OF VIDEOJET TECHNOLOGIES INC. USA WE DEAL  BATCH PRINTING ( ON LINE PRINTERS ) IN THE COUNTRY OF NEPAL","Bisco Building",,Birgunj,Nepal,051-524386,"9845036786, 9725132283",,3poverseas@gmail.com,http://www.3poverseas.com,2010-11-30,"Machinery & Tools / Barcode / Packaging Industries","27.010428,84.877352",27.010428,84.877352
38169,"Prime Graphic Pvt. Ltd.","PRIME GRAPHIC has established its name in Nepal for state-of-the-art and on-time services. It deals with all kinds of printing such as Fabric, Metal, Wood, Paper etc. We are also specialized in T-shirts & Cap printing/designT-shirt PrintMug PrintCap PrintBag PrintP.V.C. ID Card PrintOffset PrintColor PrintFlex Print","New Road Kathmandu","26233, Ktm",Kathmandu,Nepal,00977-1-4242369,00977-9851098551,00977-1-4242369,graphicprime@gmail.com,http://primegraphic.com.np,2011-01-05,"Printers- Silk Screen","27.701691866146,85.320596694946",27.701691866146,85.320596694946
38211,"Janakpur Times","the online news paper from janakpur dham and 1st time in janakpur",Janakpur-1,,Janakpur,Nepal,9804896699,9814846423,,mannusah@yahoo.com,http://www.janakpurtimes.webs.com,2011-01-16,"Newspapers, Magazine & Periodicals","26.718284,85.906456",26.718284,85.906456
38660,"Imart Nepal-online store for Nepali Handicrafts","Imart Nepal an online Nepalese Handicrafts store offers metal crafts,silver crafts,golden crafts,alloy crafts,bronze crafts,stone crafts,mud crafts,paper crafts,arts and paintings of Nepal,thangka paintings,pauva paintings,mithila arts.Imart Nepal is a voluntary,non profit organization working for the resettlement of violence affected people and orphan children.",Balkhu,,Kathmandu,Nepal,00977-1-4331647,,,info@imartnepal.com,http://www.imartnepal.com,2011-04-11,Handicrafts,"27.701691866146,85.320596694946",27.701691866146,85.320596694946
38825,"Eco Polypack Industries","ECO FRIENDLY SHOPPING / PROMOTIONAL NON WOVEN BAGS IN DIFF. SIZES / COLOURS / GSM ARE READY WITH US ..",Putalisadak,"3704, Ktm",Kathmandu,Nepal,00977-1-4168035,00977-9851020624,00977-1-4412425,ecopolypack@gmail.com,http://www.ecopolypackind.com,2011-04-28,"Bags & Wrappers","27.701691866146,85.320596694946",27.701691866146,85.320596694946
39062,"Nepal Independent Trekking Guide","Hello, my name is Narayan pandey  and I offer first rate guiding services for trekking and trekking peak climbing throughout Nepal.  I live in Kathmandu and have been in guiding services for over 10 years.  I can organize your compete trip, from securing all necessary papers and permits, to hiring porters and support personnell.  For your small or large trek or peak climbing adventure please contact me.",Thamel,"19632, Ktm",Kathmandu,Nepal,00977-1-4222723,00977-9841739141,,cnp.kd2@gmail.com,http://www.himalayanyetitrekking.com,2011-05-26,"Trekking Agencies","27.701691866146,85.320596694946",27.701691866146,85.320596694946
39180,"DP Export Traders",,Kath,"8975 EPC 593",Kathmandu,Nepal,"00977-1-4108253, 4422760, 4421936",00977-9851026697,,info@dpcopier.com,http://www.dpcopier.com,2011-06-13,"Paper Products","27.701691866146,85.320596694946",27.701691866146,85.320596694946
39320,"Harati Maa Bag House",,Khichapokhari,,Kathmandu,Nepal,00977-1-4220345,,00977-1-4275785,,,2011-06-23,"Bags & Wrappers","27.701691866146,85.320596694946",27.701691866146,85.320596694946
39321,"DP Enterprises",,"New Road",,Kathmandu,Nepal,00977-1-4219982,00977-9841310127,,,,2011-06-23,"Bags & Wrappers","27.701691866146,85.320596694946",27.701691866146,85.320596694946
39323,"A.S. Store",,Khichapokhari,,Kathmandu,Nepal,00977-1-4225082,00977-9841250175,,,,2011-06-23,"Bags & Wrappers","27.701691866146,85.320596694946",27.701691866146,85.320596694946
39376,"Tara Krishmila International Pvt. Ltd.","Tara Krishmila International Pvt. Ltd. (TKIPLTD) is a newly established Business House in Kathmandu, Nepal with our special interest in Services, Representation and Trading.Incorporation:Incorporated with Government of Nepal, Ministry of Industry, Office of the Company Registrar, KathmanduRegistration No and Date: 68143/066/067; 30.11.2009PAN Registration:PAN No: 303970598 dated 03.01.2010Issued by Government of Nepal, Ministry of Finance, Internal Revenue Department, Internal Revenue Office Kathmandu  03Service: Consultancy ServicesRepresentation: Liaison and/ or Local Agent of Foreign Companies in NepalTrading:Nepalese products such as Jewelry, Pashmina Shawls, Woolen Goods, Hand  Made (Loktha) Paper, Handicraft Goods, Wooden Crafts and many others.Trading of Foreign Goods in Nepal through various Marketing Channel",Baphal,"7359, Ktm",Kathmandu,Nepal,00977-1-9721404942,,,tkipltd@gmail.com,http://tkipltd.yolasite.com,2011-06-27,"Consultancies- Commercial","27.701691866146,85.320596694946",27.701691866146,85.320596694946
39553,"Nepal Media","Nepal Media is Advertising agency as well as this company run own online site for complete media like album release, radio/TV/news papers link, radio program, manage artists profile etc. ","New Baneshwor","5613, Ktm",Kathmandu,Nepal,00977-1-4784016,00977-9851054743,00977-1-4784016,info@nepalmediaonline.com,http://www.nepalmediaonline.com,2011-07-10,"Advertising Agencies","27.701691866146,85.320596694946",27.701691866146,85.320596694946
39659,"Moon Paper Craft","Contact Person : Ajamber Lal Shrestha, ProprietorJ.P. School Shop No. 126",Thamel,,Kathmandu,Nepal,00977-1-4259264,00977-9841378043,,ajambershrestha@yahoo.com,,2011-07-24,"Handicrafts- Paper","27.701691866146,85.320596694946",27.701691866146,85.320596694946
40002,"Colour House",,Kamaladi,,Kathmandu,Nepal,00977-1-4443826,,,colour.house@yahoo.com,,2011-09-01,"Plastic Wood","27.701691866146,85.320596694946",27.701691866146,85.320596694946
40018,"Alternative Profile UPVC Industries",,Bansbari,,Kathmandu,Nepal,"00977-1-4371789, 4373584",,,lamaktm@gmail.com,http://www.upvcnepal.com,2011-09-04,"Plastic Wood","27.701691866146,85.320596694946",27.701691866146,85.320596694946
40417,"Clinic for Plastic and Reconstructive Eye Services",,Kantipath,,Kathmandu,Nepal,00977-1-4163502,,,rohitsaiju@hotmail.com,,2011-12-05,Hospitals,"27.701691866146,85.320596694946",27.701691866146,85.320596694946
40490,"Top Win Systems Pvt. Ltd.",,Jorpati,,Kathmandu,Nepal,"00977-1-4911701, 4912867, 4426554",,00977-1-4417061,info@topwinsys.com,http://www.topwinsys.com,2011-12-13,"PVC Products","27.701691866146,85.320596694946",27.701691866146,85.320596694946
40641,"Sitaldevi Plastic Formwork Supplier",,Sitaldevi,,Pokhara,NEPAL,061-532744,9856O25470,,shrestha.roman23@yahoo.com,,2012-02-02,"Construction Material Suppliers","28.263889,83.972222",28.263889,83.972222
40642,"Sitaldevi Plastic Formwork (Plastic Plywood) Supplier",,Sitaldevi,,Pokhara,NEPAL,061-532744,"9856025470,9846025470",,shrestha.roman23@yahoo.com,,2012-02-02,"Plywood Shops","28.263889,83.972222",28.263889,83.972222
40643,"Sitaldevi PVC Plastic formwork (Plastic plyboard) supplier",,Sitaldevi,,Pokhara,Nepal,061-532744,9856025470,,shrestha.roman23@yahoo.com,,2012-02-02,"PVC Products","28.26689192466,83.968505859375",28.26689192466,83.968505859375
40644,"Sitaldevi PVC Plastic formwork supplier",,Sitaldevi,,Pokhara,Nepal,061532744,9856025470,,shrestha.roman23@yahoo.com,,2012-02-02,"Plastic Wood","28.26689192466,83.968505859375",28.26689192466,83.968505859375
40645,"Sitaldevi PVC Plastic Formwork supplier",,Sitaldevi,,Pokhara,Nepal,061532744,9856025470,,shrestha.roman23@yahoo.com,,2012-02-02,"PVC Compound","28.26689192466,83.968505859375",28.26689192466,83.968505859375
41159,"Mulkhuaaju packaging & Paper Industries Pvt.Ltd",,Hatiban,,Kathmandu,Nepal,00977-1-5250730,,00977-1-5250464,,,2012-10-04,"Packaging Materials","27.701691866146,85.320596694946",27.701691866146,85.320596694946
41349,"Prabeen Paper Packaging Industry",,Biratnagar,,Biratnagar,Nepal,"021-522034, 522606",,,,,2013-01-08,"Paper Products","26.4542,87.2797",26.4542,87.2797
41478,"Singh Plastic Key Rings",,"Civil Mall, 5th Floor",,Kathmandu,Nepal,00977-1-980334537,,,harsshsingh.nepal@gmail.com,,2013-04-12,"Gifts & Novelties","27.701691866146,85.320596694946",27.701691866146,85.320596694946
41641,"Narayani Card Board Box Factory",,"Alakhiya Road",,Birgunj,Nepal,051-522884,9851040895,,pankajnp2012@gmail.com,,2013-05-24,"Packaging Industries","27.010428,84.877352",27.010428,84.877352
41879,"Himal Impex",,"Dhumbarai, Pipalboat",,Kathmandu,Nepal,00977-1-01-4008058,,,himalimpex@gmail.com,,2013-06-24,"Paper Products","27.701691866146,85.320596694946",27.701691866146,85.320596694946
41880,"Himal Copy Udyog",,"Adarshnagar, Near Town Hall",,Birgunj,Nepal,051-529413,051-528213,,himalimpex@gmail.com,,2013-06-24,"Paper Products","27.010428,84.877352",27.010428,84.877352
41882,"Himal Paper Products",,"Janpath Tole, Keshaliya Road",,Biratnagar,Nepal,021-526613,021-528713,,himalimpex@gmail.com,,2013-06-24,"Paper Products","26.4542,87.2797",26.4542,87.2797
41979,"A New Prakash & Bikash Handmade Paper Shop",,Thamel,,Kathmandu,Nepal,00977-1-4264296,,,ganeshhandicraft1982@yahoo.com,,2013-07-11,"Handicrafts- Paper","27.701691866146,85.320596694946",27.701691866146,85.320596694946
42096,"Beta Packaging Machinery,Co.,Ltd",,"#228,Jimei Northern Industrial Area",,Kathmandu,china,00977-1-86-159-59378151,00977-86-15959378151,,betterpack1995@gmail.com,http://www.betterpack.net,2013-08-12,"Packaging Industries","27.7,85.333333",27.7,85.333333
42186,"Nep-Ind Flexipack (P) Ltd.",,Tripureshwor,"25835, Ktm",Kathmandu,Nepal,"00977-1-4260076, 4218407",,00977-1-4265784,,http://www.kwalitynepal.com,2013-09-25,"Packaging Industries","27.701691866146,85.320596694946",27.701691866146,85.320596694946
42392,"Dolphin Plastic",,Putalisadk,772,Kathmandu,Nepal,00977-1-4224074,00977-9802947003,00977-1-4266133,marketing.tpp@trivenionline.com,,2013-12-11,"Plastic Products","27.701691866146,85.320596694946",27.701691866146,85.320596694946
42481,"Narayan Plastic Sutali Udhyog",,Tinpani,,Biratnagar,Nepal,021-522540,9842027001,,,,2014-01-06,"Packaging Industries","26.4542,87.2797",26.4542,87.2797
42604,"The Export Himalayan Bagshop",,Shankhamul,,Kathmandu,Nepal,"00977-1-9849316354, 9803077438",,,,,2014-01-20,"Bags & Wrappers","27.701691866146,85.320596694946",27.701691866146,85.320596694946
43008,"Nep Creation Handicraft","Paper Product, Felt Product, Nepali Paper, Natural & Color Dying also available.",Sinamangal,,Kathmandu,Nepal,00977-1-4496526,"00977-9841387109, 9849378311",,creationhandicraft@yahoo.com,http://www.nepcreationhandicrafts.com,2014-03-26,Handicrafts,"27.701691866146,85.320596694946",27.701691866146,85.320596694946
43053,"United Plastic Industries Pvt. Ltd.",,"Butwal Ind. Area",,Butwal,Nepal,"071-541911, 541912",,071-541913,uplastic@gmail.com,,2014-03-28,"Plastic Products","27.7,83.45",27.7,83.45
43079,"Jitesh Food Plastic & Packaging Industries",,Balkumari,,Lalitpur,Nepal,9721350284,"9851138147, 985107149",,,,2014-03-28,"Pet Bottles","27.666667,85.316667",27.666667,85.316667
43150,"Fornex Multimedia",,Thamel-29,,Kathmandu,Nepal,00977-1-9803063944,00977-9803063944,,fornexmultimedia@gmail.com,http://fornexmultimedia.com,2014-05-10,"PVC Card","27.701691866146,85.320596694946",27.701691866146,85.320596694946
43722,"Brothers Luggage & Bag Suppliers",,"Khusibu, Nayabazar",,Kathmandu,Nepal,00977-1-5520406,00977-9851031315,,Sthapit31315@gmail.com,,2015-03-17,"Bags & Wrappers","27.701691866146,85.320596694946",27.701691866146,85.320596694946
43809,"Saraswati Plastic Industries",,Biratnagar,,Biratnagar,Nepal,"524487, 522779",9852023529,524487,info@sarswati.com,http://www.saraswati.com,2015-03-18,"Industrial Raw Materials","26.4542,87.2797",26.4542,87.2797
43884,"Concept International",,Tripureshwor,,Kathmandu,Nepal,00977-1-9841330131,,,lord_pratham@yahoo.com,,2015-03-24,"Bags & Wrappers","27.701691866146,85.320596694946",27.701691866146,85.320596694946
44046,"Piya Plastic Industries",,"Main Road, Narayangadh",,Chitwan,Nepal,"522510, 524310",9855055210,,kbpiya@wlink.com.np,,2015-03-31,"Plastic Products","27.529131,84.3542049",27.529131,84.3542049
44047,"Kanchan Plastic Udhyog (Pvt.) Ltd.",,Murli-16,,Birgunj,Nepal,"521336, 524470",,523149,pawan@sarawagigroup.com.np,,2015-03-31,"Plastic Products","27.010428,84.877352",27.010428,84.877352
44049,"Packwell Houseware Plastic Industries",,Adarshanagar,,Birgunj,Nepal,"521717, 5226370",,,tibrewal@wlink.com.np,,2015-03-31,"Plastic Products","27.010428,84.877352",27.010428,84.877352
44051,"Aashish Plastic Bag And Sheet Udhyog",,Tinthana,,Kathmandu,Nepal,00977-1-9851059634,,,,,2015-03-31,"Plastic Products","27.701691866146,85.320596694946",27.701691866146,85.320596694946
44052,"Balkumari Plastic Udhyog",,Saibu,,Lalitpur,Nepal,5592483,9851018967,,,,2015-03-31,"Plastic Products","27.666667,85.316667",27.666667,85.316667
44053,"Bhimeshwor Plastic Udhyog",,Gothatar,,Kathmandu,Nepal,00977-1-9851034577,,,,,2015-03-31,"Plastic Products","27.701691866146,85.320596694946",27.701691866146,85.320596694946
44054,"Durga Polythene & Plastic Industries",,Koteshwor,,Kathmandu,Nepal,00977-1-6632771,00977-9851009858,,,,2015-03-31,"Plastic Products","27.701691866146,85.320596694946",27.701691866146,85.320596694946
44055,"Gandaki Plastic Industries Pvt. Ltd.",,Balkhu,,Kathmandu,Nepal,"00977-1-4270008, 4279475",,,sarawagi@wlink.com.np,,2015-03-31,"Plastic Products","27.701691866146,85.320596694946",27.701691866146,85.320596694946
44056,"Gaurav Plastic Udhyog",,"Bishal Bazar",,Kathmandu,Nepal,00977-1-4221867,,00977-1-4232426,,,2015-03-31,"Plastic Products","27.701691866146,85.320596694946",27.701691866146,85.320596694946
44059,"Jaya Mata Durga Plastic",,Balambu,,Lalitpur,Nepal,9849413385,,,,,2015-03-31,"Pipes- Polythene","27.666667,85.316667",27.666667,85.316667
44060,"Jyoti Plastic Udhyog",,Bafal,,Kathmandu,Nepal,00977-1-4271333,00977-9841246028,,,,2015-03-31,"Pipes- Polythene","27.701691866146,85.320596694946",27.701691866146,85.320596694946
44061,"Kamana Plastic Udhyog",,Balaju,,Kathmandu,Nepal,"00977-1-4350133, 4350239",00977-9851062195,,kamanaplastic@mcmail.com.np,,2015-03-31,"Pipes- Polythene","27.701691866146,85.320596694946",27.701691866146,85.320596694946
44062,"Karmacharya Plastic Udhyog",,Balaju,,Kathmandu,Nepal,"00977-1-4385562, 4385621",00977-9851051443,,,,2015-03-31,"Plastic Products","27.701691866146,85.320596694946",27.701691866146,85.320596694946
44064,"M.N. Plastic Udhyog",,Balaju,,Kathmandu,Nepal,"00977-1-4352726, 4383349",,,,,2015-03-31,"Plastic Products","27.701691866146,85.320596694946",27.701691866146,85.320596694946
44067,"Niruj Plastic Udhyog P. Ltd.",,Balaju,,Kathmandu,Nepal,00977-1-4355204,00977-9841210379,,,,2015-03-31,"Plastic Products","27.701691866146,85.320596694946",27.701691866146,85.320596694946
44068,"Nuplast Industries Pvt. Ltd.",,Tripureshwor,,Kathmandu,Nepal,"00977-1-4260878, 4260785",,,,,2015-03-31,"PVC Products","27.701691866146,85.320596694946",27.701691866146,85.320596694946
44069,"Panchakanya Plastic  (P.) Ltd.",,"Krishna Galli","2743, Ktm",Lalitpur,Nepal,"5526551, 5534064, 5548235",,5526529,steel@panchakanya.com.np,http://www.panchakanya.com.np,2015-03-31,"Pipes- PVC","27.666667,85.316667",27.666667,85.316667
44072,"Radha Krishna Plastic Industries",,"Patan Industrial State",,Lalitpur,Nepal,5523482,9851024356,,,,2015-04-01,"Pipes- Polythene","27.666667,85.316667",27.666667,85.316667
44075,"S.L. Plastic Industries Pvt. Ltd.",,Sipadol,,Bhaktapur,Nepal,9841815484,,,,,2015-04-01,"Plastic Products","27.672222,85.427778",27.672222,85.427778
44076,"Sabnam Plastic Industry",,Kapan,,Kathmandu,Nepal,00977-1-4821311,,,,,2015-04-01,"Plastic Products","27.701691866146,85.320596694946",27.701691866146,85.320596694946
44078,"Sujal Plastic Industries Pvt. Ltd.",,Baneshwor,,Kathmandu,Nepal,"00977-1-4473346, 4460712",,00977-1-4460781,,,2015-04-01,"Pet Bottles","27.701691866146,85.320596694946",27.701691866146,85.320596694946
44079,"Three Star Plastics",,Sitapaila,,Kathmandu,Nepal,00977-1-4034929,00977-9851005322,,,,2015-04-01,"Plastic Products","27.701691866146,85.320596694946",27.701691866146,85.320596694946
44081,"Welcome Plastic Product",,Dhapasi,,Kathmandu,Nepal,00977-1-4385054,00977-9851011572,,,,2015-04-01,"Pipes- Polythene","27.701691866146,85.320596694946",27.701691866146,85.320596694946
44083,"A.P. Plastic Suppliers",,Kuleshwor,,Kathmandu,Nepal,00977-1-4673135,,,,,2015-04-01,"Plastic Products","27.701691866146,85.320596694946",27.701691866146,85.320596694946
44084,"Aakash Plastic Industries",,"Patan Industrial Estate",,Lalitpur,Nepal,5524838,9841329219,,,,2015-04-01,"Water Tanks Manufacturers & Sales","27.666667,85.316667",27.666667,85.316667
44086,"Baraha Plastic Udhyog",,Jorpati,,Kathmandu,Nepal,00977-1-9851102670,,,,,2015-04-01,"Pipes- Polythene","27.701691866146,85.320596694946",27.701691866146,85.320596694946
44087,"Bangalamukhi Plastic Udhyog",,Imadol,,Lalitpur,Nepal,5201582,,,,,2015-04-01,"Pipes- Polythene","27.666667,85.316667",27.666667,85.316667
44088,"Bhairab Plastic Udhyog",,"Pepsi Cola",,Kathmandu,Nepal,00977-1-4991820,00977-9851018060,,,,2015-04-01,"Plastic Products","27.701691866146,85.320596694946",27.701691866146,85.320596694946
44095,"Flexible Packaging Pvt. Ltd.",,Khichapokhari,,Kathmandu,n,"00977-1-4221260, 4223746",,00977-1-4226293,,,2015-04-01,"Packaging Industries","27.7,85.333333",27.7,85.333333
44098,"Guheswori Plastic Udhyog",,Thecho,,Lalitpur,Nepal,5574593,,,,,2015-04-01,"Pipes- Polythene","27.666667,85.316667",27.666667,85.316667
44099,"J.S. Plastic",,Lagankhel,,Lalitpur,Nepal,5522261,9851025503,,,,2015-04-01,"Plastic Products","27.666667,85.316667",27.666667,85.316667
44100,"Janak Plastic Udhyog",,Balaju,,Kathmandu,Nepal,00977-1-4350384,,00977-1-4350906,,,2015-04-01,"Plastic Products","27.701691866146,85.320596694946",27.701691866146,85.320596694946
44102,"Lotus Plastic Udhyog",,Dhungeada,,Kathmandu,Nepal,00977-1-4314209,00977-9851052240,,,,2015-04-01,"PVC Products","27.701691866146,85.320596694946",27.701691866146,85.320596694946
44111,"Malakar Plastic Recycling",,Satungal,,Kathmandu,Nepal,"00977-1-4310312, 4310484",00977-9851041492,,,,2015-04-02,"Pipes- PVC","27.701691866146,85.320596694946",27.701691866146,85.320596694946
44112,"Manakamana Plastic Industries",,"Patan Industrial Estate",,Lalitpur,Nepal,5528195,9841221515,,,,2015-04-02,"Plastic Products","27.666667,85.316667",27.666667,85.316667
44117,"Nepal Kantipur Plastic Udhyog",,Mulpani,,Kathmandu,Nepal,00977-1-9851081864,,,,,2015-04-02,"Plastic Products","27.701691866146,85.320596694946",27.701691866146,85.320596694946
44118,"New Raunak Plastics Product",,Balaju,,Kathmandu,Nepal,00977-1-4359150,00977-9851051013,,,,2015-04-02,"Plastic Products","27.701691866146,85.320596694946",27.701691866146,85.320596694946
44121,"Punnet Plastic Industries",,Battisputali,,Kathmandu,Nepal,00977-1-4489075,00977-9851022242,00977-1-4489075,ghiraiya@nepal.com,,2015-04-02,"Plastic Products","27.701691866146,85.320596694946",27.701691866146,85.320596694946
44122,"Purnima Plastic Udhyog",,Balaju,,Kathmandu,Nepal,00977-1-4364750,,,,,2015-04-02,"Plastic Products","27.701691866146,85.320596694946",27.701691866146,85.320596694946
44123,"Reliance Plastic Udhyog",,Balkot,,Bhaktapur,Nepal,6630204,9841042916,,,,2015-04-02,"PVC Products","27.672222,85.427778",27.672222,85.427778
44125,"Sadasukhi Plastic Industries",,Basantapur,,Kathmandu,Nepal,"00977-1-4225284, 4241504",,00977-1-4225538,,,2015-04-02,"Plastic Products","27.701691866146,85.320596694946",27.701691866146,85.320596694946
44126,"Samriddhi Plastic Industries Pvt. Ltd.",,Khichapokhari,,Kathmandu,Nepal,"00977-1-4243242, 4223810",,00977-1-4241581,,,2015-04-02,"Plastic Products","27.701691866146,85.320596694946",27.701691866146,85.320596694946
44136,"Saloni Plastic Industries",,Nakkhu,,Lalitpur,Nepal,9841229425,,,,,2015-04-02,"Pipes & Fittings","27.666667,85.316667",27.666667,85.316667
44137,"Suchata Plastic",,"Naya Bazar",,Kathmandu,Nepal,"00977-1-4358123, 4360500",,,,,2015-04-02,"Plastic Products","27.701691866146,85.320596694946",27.701691866146,85.320596694946
44138,"Sumi Plastic Fancy Fittings",,Balaju,,Kathmandu,Nepal,00977-1-4266590,00977-9851070445,,,,2015-04-02,"Pipes & Fittings","27.701691866146,85.320596694946",27.701691866146,85.320596694946
44139,"Surya Chandra Tara Plastic Udhyog",,"Naya Bazar",,Kathmandu,Nepal,"00977-1-4358123, 4360500",,,,,2015-04-02,"Plastic Products","27.701691866146,85.320596694946",27.701691866146,85.320596694946
44141,"Surya Plastic Udhyog",,Dhungeadda,,Kathmandu,Nepal,00977-1-9841338293,,,,,2015-04-02,"Plastic Products","27.701691866146,85.320596694946",27.701691866146,85.320596694946
44143,"Yechu La Plastic Udhyog",,"Patan Industrial Estate",,Lalitpur,Nepal,5526552,,,puskermaskey@hotmail.com,,2015-04-02,"Pet Bottles","27.666667,85.316667",27.666667,85.316667
44145,"Adhikari Plastic Suppliers",,Tandi,,Chitwan,Nepal,056-562940,9845056050,,,,2015-04-02,"Plastic Products","27.529131,84.3542049",27.529131,84.3542049
44147,"Aryal Paper Suppliers",,Narayangadh,,Chitwan,Nepal,056-520846,9845024010,,,,2015-04-02,"Glasses & Glassware","27.529131,84.3542049",27.529131,84.3542049
44148,"Balananda Plastic Suppliers",,Narayangadh,,Chitwan,Nepal,056-530203,9855060634,,,,2015-04-02,"Plastic Products","27.529131,84.3542049",27.529131,84.3542049
44149,"Bhagwati PlasticCentre",,Narayangadh,,Chitwan,Nepal,056-525685,9845363402,,,,2015-04-02,"Plastic Products","27.529131,84.3542049",27.529131,84.3542049
44150,"Chitwan Plastic Centre",,Narayangadh,,Chitwan,Nepal,056-523637,9855057175,,,,2015-04-02,"Plastic Products","27.529131,84.3542049",27.529131,84.3542049
44153,"Hamal Plastic Udhyog",,Nabinpath,,Chitwan,Nepal,056-570278,9855056204,,,,2015-04-02,"Plastic Products","27.529131,84.3542049",27.529131,84.3542049
44154,"Hom Plastic Udhyog",,Rajhar,,Nawalparasi,Nepal,078-545239,9857027054,,,,2015-04-02,"Plastic Products","27.6498409,83.8897057",27.6498409,83.8897057
44157,"Kiran Plastic Centre",,Narayangadh,,Chitwan,Nepal,056-525960,9845112523,,,,2015-04-03,"Plastic Products","27.529131,84.3542049",27.529131,84.3542049
44195,"Manakamana Plastic Suppliers",,"Sauraha Chowk",,Chitwan,Nepal,056-560912,9855060912,,,,2015-04-05,"Plastic Products","27.529131,84.3542049",27.529131,84.3542049
44197,"Mohan Plastic Store",,Narayangadh,,Chitwan,Nepal,056-571630,9845065581,,,,2015-04-05,"Plastic Products","27.529131,84.3542049",27.529131,84.3542049
44200,"Nawadurga Plastic Stores",,Narayangadh,,Chitwan,Nepal,056-526690,9845026241,,,,2015-04-05,"Plastic Products","27.529131,84.3542049",27.529131,84.3542049
44202,"New Plastic Show Room",,Narayangadh,,Chitwan,Nepal,056-528014,"9804207846, 9845140273",,,,2015-04-05,"Plastic Products","27.529131,84.3542049",27.529131,84.3542049
44203,"New Prasanti Plastic Sangam",,Narayangadh,,Chitwan,Nepal,"524531, 571008",9845083014,,,,2015-04-05,"Plastic Products","27.529131,84.3542049",27.529131,84.3542049
44204,"Nirapas Plastic industries",,Ratnanagar,,Chitwan,Nepal,056-560435,9845056537,,niraplast@gmail.com,,2015-04-05,"Plastic Products","27.529131,84.3542049",27.529131,84.3542049
44205,"Oli Plastic Centre",,Narayangadh,,Chitwan,Nepal,056-521183,9855056183,,oliplastic@wlink.com.np,,2015-04-05,"Plastic Products","27.529131,84.3542049",27.529131,84.3542049
44206,"Om Shani Suppliers",,Narayangadh,,Chitwan,Nepal,056-531282,9845213816,,,,2015-04-05,"Plastic Wood","27.529131,84.3542049",27.529131,84.3542049
44208,"Parajuli Plastic Suppliers",,"Milan Road",,Chitwan,Nepal,056-521701,9845085088,,,,2015-04-05,"Plastic Products","27.529131,84.3542049",27.529131,84.3542049
44210,"Pokharel Plastic Suppliers",,Narayangadh,,Chitwan,Nepal,056-571392,9855055392,,,,2015-04-05,"Plastic Products","27.529131,84.3542049",27.529131,84.3542049
44212,"Sapkota Plastic Udhyog",,Narayangadh,,Chitwan,Nepal,056-570176,9855055179,,,,2015-04-05,"Plastic Products","27.529131,84.3542049",27.529131,84.3542049
44213,"Sathi Plastic Udhyog",,Bharatpur,,Chitwan,Nepal,056-532091,9855055916,,,,2015-04-05,"Plastic Products","27.529131,84.3542049",27.529131,84.3542049
44214,"Shree Plastic Pipe Udhyog",,Narayangadh,,Chitwan,Nepal,"056-570830, 570893",9855055120,,,,2015-04-05,"Pipes- HDPE","27.529131,84.3542049",27.529131,84.3542049
44216,"Shrestha Plastic Stores",,"Milan Road",,Chitwan,Nepal,056-520583,9845064484,,,,2015-04-05,"Plastic Products","27.529131,84.3542049",27.529131,84.3542049
44217,"Sirish Plastic Udhyog",,Narayangadh,,Chitwan,Nepal,056-531898,9855058897,,,,2015-04-05,"Plastic Products","27.529131,84.3542049",27.529131,84.3542049
44219,"General Plastic Industries",,Hathimuda,,Biratnagar,Nepal,021-420853,9852020580,,bagmatiplastic@gmail.com.np,,2015-04-05,"Plastic Products","26.4542,87.2797",26.4542,87.2797
44220,"Dai  Bhai Plastic Show Room",,Birgunj,,Birgunj,Nepal,051-530200,9845038556,,,,2015-04-05,"Plastic Products","27.010428,84.877352",27.010428,84.877352
44221,"Khanal Plastic Udhyog",,Birgunj,,Birgunj,Nepal,9721483539,9855022623,,,,2015-04-05,"Pipes- Polythene","27.010428,84.877352",27.010428,84.877352
44222,"Kiran Plastic Udhyog",,Birgunj,,Birgunj,Nepal,9845097030,9807225679,,,,2015-04-05,"Plastic Products","27.010428,84.877352",27.010428,84.877352
44225,"Sanghai Plastic Industries Pvt. Ltd.",,"Patan Industrial Estate",,Lalitpur,Nepal,5522911,,5527072,rakeshagarwal@live.com,,2015-04-05,"Pipes- Polythene","27.666667,85.316667",27.666667,85.316667
44229,"Card Tec - Nepal",,kalimati,"194, Ktm",Kathmandu,Nepal,"00977-1-4274494, 4272242",00977-9803024070,00977-1-4271110,himmez@gmail.com,,2015-04-05,"PVC Card","27.701691866146,85.320596694946",27.701691866146,85.320596694946
44243,"Siddhi Binayak Plastic Industries Pvt. Ltd.",,Maitidevi,,Kathmandu,Nepal,00977-1-4433654,,,,,2015-04-06,"Pipes- Polythene","27.701691866146,85.320596694946",27.701691866146,85.320596694946
